x_0,x_1,x_2,x_3,x_4,x_5,x_6,x_7,x_8,x_9,x_10,x_11,x_12,x_13,x_14,x_15,x_16,x_17,x_18,x_19,x_20,y_0,y_1,y_2,y_3,y_4,y_5,y_6,y_7,y_8,y_9,y_10,y_11,y_12,y_13,y_14,y_15,y_16,y_17,y_18,y_19,y_20,z_0,z_1,z_2,z_3,z_4,z_5,z_6,z_7,z_8,z_9,z_10,z_11,z_12,z_13,z_14,z_15,z_16,z_17,z_18,z_19,z_20,label
0.23432020843029022,0.8083044290542603,3.3776183272493654e-07,0.26898133754730225,0.7824052572250366,-0.02658529207110405,0.2931428849697113,0.7399874925613403,-0.03543384000658989,0.3051508963108063,0.6958770155906677,-0.04141736775636673,0.31322187185287476,0.6539925336837769,-0.04654092341661453,0.2470235824584961,0.6592338681221008,-0.016810044646263123,0.25136619806289673,0.5973144769668579,-0.028043163940310478,0.25367429852485657,0.5587173700332642,-0.03781541436910629,0.2552046477794647,0.5253748893737793,-0.045019570738077164,0.224477156996727,0.6584684252738953,-0.012186268344521523,0.21919384598731995,0.5925222635269165,-0.021565580740571022,0.21565717458724976,0.5475273728370667,-0.03166348114609718,0.21198657155036926,0.5139742493629456,-0.03892343118786812,0.20538707077503204,0.6733752489089966,-0.010783020406961441,0.19813117384910583,0.6169888973236084,-0.023102708160877228,0.19233538210391998,0.5799293518066406,-0.03430477902293205,0.18646913766860962,0.5498460531234741,-0.041533198207616806,0.18877005577087402,0.6999149918556213,-0.011751958169043064,0.1839911937713623,0.668806254863739,-0.025846708565950394,0.17935749888420105,0.6482790112495422,-0.033869389444589615,0.17376668751239777,0.6303200721740723,-0.038151100277900696,Hello
0.7271062731742859,0.8260301351547241,3.561088703918358e-07,0.6843954920768738,0.7931066751480103,-0.03096691519021988,0.6603119373321533,0.7346274256706238,-0.04438173770904541,0.6570653915405273,0.6753045320510864,-0.054201673716306686,0.6494531631469727,0.6250142455101013,-0.06404975056648254,0.7110746502876282,0.6601606011390686,-0.03054877556860447,0.7064816951751709,0.5890045166015625,-0.04917950928211212,0.703746497631073,0.5451374650001526,-0.06388171017169952,0.7029532194137573,0.5047919154167175,-0.0752740204334259,0.7425931692123413,0.6628465056419373,-0.029119880869984627,0.7504382729530334,0.5894929766654968,-0.04574261233210564,0.7543396353721619,0.5437907576560974,-0.060465604066848755,0.7584033608436584,0.5011506080627441,-0.07206738740205765,0.7676236629486084,0.6820116639137268,-0.031295474618673325,0.7837629914283752,0.6170172095298767,-0.05224354565143585,0.7945694327354431,0.5763173699378967,-0.0658162534236908,0.803501307964325,0.5385748147964478,-0.07497452199459076,0.7892928123474121,0.71308434009552,-0.03592687100172043,0.8134220838546753,0.6713548302650452,-0.05759093165397644,0.8307304978370667,0.6433299779891968,-0.06788535416126251,0.8450974225997925,0.6157475709915161,-0.07434411346912384,Hello
0.7094539403915405,0.8217129707336426,2.862248607016227e-07,0.6676585674285889,0.7940680384635925,-0.02260410226881504,0.6406115293502808,0.7406185269355774,-0.0333741270005703,0.626787543296814,0.6885157823562622,-0.04182509332895279,0.6047078967094421,0.6493780016899109,-0.05076824501156807,0.6770199537277222,0.6729003190994263,-0.024560723453760147,0.6660632491111755,0.608185887336731,-0.04107921943068504,0.6602790951728821,0.5676603317260742,-0.05395432934165001,0.6565384864807129,0.5302953720092773,-0.06425078213214874,0.7083849906921387,0.6713582277297974,-0.026781655848026276,0.7082357406616211,0.6036188006401062,-0.04136086255311966,0.7093011140823364,0.5633441209793091,-0.05385369434952736,0.7103005647659302,0.525890052318573,-0.0636555626988411,0.736865758895874,0.6857428550720215,-0.03171142563223839,0.7452868819236755,0.6209761500358582,-0.050485897809267044,0.753831148147583,0.579632043838501,-0.06128419190645218,0.7603896856307983,0.5411427617073059,-0.06862008571624756,0.7627779245376587,0.7122378349304199,-0.038208454847335815,0.7780400514602661,0.669418454170227,-0.05775659903883934,0.7916526198387146,0.6422997713088989,-0.06498264521360397,0.8029165267944336,0.6164196729660034,-0.06922703236341476,Hello
0.4239240288734436,0.7410992383956909,4.627764553788438e-07,0.38237619400024414,0.7316144704818726,-0.019629264250397682,0.3527427613735199,0.6920551061630249,-0.03275299817323685,0.33622318506240845,0.6521958112716675,-0.04246620461344719,0.3183998167514801,0.6166786551475525,-0.053171511739492416,0.37481197714805603,0.6362504959106445,-0.03620606288313866,0.3749161660671234,0.573861837387085,-0.053265541791915894,0.3721848726272583,0.5305772423744202,-0.06485253572463989,0.3666779696941376,0.4948854446411133,-0.07321847975254059,0.40326762199401855,0.6341187357902527,-0.03803591802716255,0.4073154628276825,0.5631786584854126,-0.05431738868355751,0.4078194797039032,0.5143790245056152,-0.0668586939573288,0.4055488407611847,0.4709034562110901,-0.07546670734882355,0.4313887059688568,0.6452218890190125,-0.04035896435379982,0.4348469376564026,0.5791916251182556,-0.05694250389933586,0.43506044149398804,0.532645583152771,-0.06804715096950531,0.43333062529563904,0.48844200372695923,-0.07547010481357574,0.45820972323417664,0.6652274131774902,-0.043205201625823975,0.46464911103248596,0.6238894462585449,-0.05937778577208519,0.46558696031570435,0.5927971601486206,-0.06585071980953217,0.4649142622947693,0.5607351660728455,-0.06944973021745682,Hello
0.7114245891571045,0.8758695125579834,3.2711949415897834e-07,0.6752007603645325,0.8419151306152344,-0.01922718435525894,0.6540208458900452,0.7887453436851501,-0.028828799724578857,0.6450413465499878,0.7398675680160522,-0.03687581419944763,0.6309289336204529,0.7016654014587402,-0.04541492462158203,0.7017009258270264,0.7390669584274292,-0.022105375304818153,0.7035212516784668,0.6743284463882446,-0.03733094036579132,0.7037678956985474,0.6343669295310974,-0.04873817786574364,0.7045300602912903,0.5999137163162231,-0.057365477085113525,0.7294077277183533,0.7430416345596313,-0.02453397400677204,0.7416819930076599,0.6773279905319214,-0.03853048011660576,0.7472884654998779,0.6374406814575195,-0.05014418810606003,0.7518817782402039,0.6038676500320435,-0.05881303921341896,0.7515735030174255,0.7591489553451538,-0.029186204075813293,0.7680723071098328,0.6973079442977905,-0.04639379307627678,0.7771544456481934,0.6604301929473877,-0.05711226165294647,0.7847480177879333,0.6283108592033386,-0.06414896249771118,0.7702385187149048,0.7862427234649658,-0.035109229385852814,0.796164333820343,0.7516219019889832,-0.05316303297877312,0.8136010766029358,0.727267324924469,-0.061107732355594635,0.8285280466079712,0.7054378986358643,-0.06562748551368713,Hello
0.7168463468551636,0.8212840557098389,3.6003874015477777e-07,0.6692690849304199,0.7891007661819458,-0.02966509759426117,0.6380538940429688,0.7350479960441589,-0.047359563410282135,0.6229889988899231,0.6819661855697632,-0.061473242938518524,0.6009953022003174,0.6389941573143005,-0.07651617377996445,0.690176248550415,0.6726740002632141,-0.04576706886291504,0.6871941685676575,0.5934009552001953,-0.06971562653779984,0.6822492480278015,0.5445795655250549,-0.08637331426143646,0.6782711148262024,0.5009077787399292,-0.0987694263458252,0.7255404591560364,0.673923134803772,-0.04756467416882515,0.7331352233886719,0.5906347036361694,-0.07030711323022842,0.7347172498703003,0.5382012128829956,-0.08675140887498856,0.7350988984107971,0.4903491735458374,-0.09953029453754425,0.7548699378967285,0.690669596195221,-0.051616281270980835,0.7698296904563904,0.6132072806358337,-0.07774873822927475,0.7820497751235962,0.5634682774543762,-0.09188942611217499,0.791624903678894,0.5184814929962158,-0.10128109157085419,0.7794057726860046,0.7194300293922424,-0.05734733119606972,0.8033241033554077,0.6679188013076782,-0.08287107944488525,0.8228469491004944,0.6360443234443665,-0.09267674386501312,0.83941251039505,0.6071959137916565,-0.09870655834674835,Hello
0.19608569145202637,0.7552285194396973,5.70968268220895e-07,0.23097790777683258,0.7440509796142578,-0.038266733288764954,0.25633856654167175,0.7113111615180969,-0.05662183836102486,0.27756252884864807,0.6745878458023071,-0.06986959278583527,0.30674120783805847,0.6544250845909119,-0.08213689178228378,0.21266204118728638,0.6074602603912354,-0.03332802280783653,0.22838425636291504,0.5432095527648926,-0.049425289034843445,0.2395964413881302,0.5003721117973328,-0.06297817081212997,0.24893447756767273,0.464581698179245,-0.07233535498380661,0.18939757347106934,0.5985737442970276,-0.023586323484778404,0.19748584926128387,0.5281727313995361,-0.035332586616277695,0.20268696546554565,0.47885861992836,-0.046150170266628265,0.20695273578166962,0.43878173828125,-0.05349912494421005,0.1690223067998886,0.6051458120346069,-0.017322998493909836,0.16784431040287018,0.5411775708198547,-0.02881656028330326,0.16679205000400543,0.4980393052101135,-0.03909865394234657,0.16649585962295532,0.46245503425598145,-0.045660313218832016,0.15013083815574646,0.6255905032157898,-0.014475376345217228,0.13964901864528656,0.5862347483634949,-0.025485461577773094,0.13217920064926147,0.5603733658790588,-0.031341373920440674,0.1261705607175827,0.5382565855979919,-0.034271590411663055,Hello
0.34861940145492554,1.0140982866287231,3.921236952919571e-07,0.3888120651245117,0.9995396733283997,-0.028912153095006943,0.4206007122993469,0.9676711559295654,-0.04691784083843231,0.4487059712409973,0.9385014176368713,-0.06287489086389542,0.47609591484069824,0.9187463521957397,-0.07910417765378952,0.3604181706905365,0.8963565230369568,-0.03808405250310898,0.3599705696105957,0.8245264887809753,-0.057785890996456146,0.3609679639339447,0.7788015007972717,-0.07094134390354156,0.3610483407974243,0.7398791909217834,-0.07997075468301773,0.3298546373844147,0.8918492794036865,-0.03639329597353935,0.31781312823295593,0.8080080151557922,-0.05294506251811981,0.3097156584262848,0.7593210935592651,-0.06417754292488098,0.29990795254707336,0.721634030342102,-0.07256573438644409,0.3045659065246582,0.9013364315032959,-0.036895714700222015,0.28751707077026367,0.8311833739280701,-0.05317438021302223,0.27300935983657837,0.7937841415405273,-0.06434351205825806,0.2576911449432373,0.7644928693771362,-0.07158035039901733,0.28405967354774475,0.9215338230133057,-0.03980935737490654,0.26579970121383667,0.8732178211212158,-0.054015085101127625,0.24912911653518677,0.8522017598152161,-0.06045997142791748,0.23097294569015503,0.8369158506393433,-0.06440254300832748,Hello
0.2651803493499756,0.5770002603530884,4.06341143843747e-07,0.28840407729148865,0.5576848387718201,-0.02004591003060341,0.30660727620124817,0.5232473015785217,-0.02849750407040119,0.3249807357788086,0.4967506527900696,-0.03540034592151642,0.3478560447692871,0.4877334535121918,-0.04168039560317993,0.28205981850624084,0.4419706463813782,-0.00952069740742445,0.29780977964401245,0.39263975620269775,-0.01949826255440712,0.3102145791053772,0.36545759439468384,-0.029495717957615852,0.3222120404243469,0.3435491621494293,-0.036096565425395966,0.26550185680389404,0.43891578912734985,-0.006715100258588791,0.27456560730934143,0.38482069969177246,-0.011782760731875896,0.28169918060302734,0.3493184745311737,-0.01808449625968933,0.2888934314250946,0.3219791650772095,-0.022420236840844154,0.24937865138053894,0.4485589563846588,-0.00692294305190444,0.25340700149536133,0.400312215089798,-0.01254682894796133,0.25650107860565186,0.3686186671257019,-0.017780032008886337,0.26061344146728516,0.343058705329895,-0.021046381443738937,0.2325812578201294,0.47008174657821655,-0.009588208049535751,0.22898858785629272,0.4419238865375519,-0.01503774058073759,0.22665438055992126,0.42391499876976013,-0.016386719420552254,0.22490887343883514,0.40942665934562683,-0.016462139785289764,Hello
0.7147895097732544,0.675076961517334,2.3472448162920045e-07,0.6811234951019287,0.661564290523529,-0.018855120986700058,0.6560694575309753,0.6237813830375671,-0.02855677343904972,0.6425961256027222,0.5847505331039429,-0.036304064095020294,0.6246918439865112,0.5556544661521912,-0.04428482428193092,0.6828433871269226,0.5577359795570374,-0.021436357870697975,0.6657286882400513,0.5095073580741882,-0.03572684898972511,0.6544531583786011,0.4756813049316406,-0.046869609504938126,0.6462185978889465,0.44754159450531006,-0.05467038229107857,0.7039464712142944,0.5509992837905884,-0.021659541875123978,0.6900206804275513,0.4995456337928772,-0.03308756276965141,0.678676426410675,0.4672181010246277,-0.04146597906947136,0.6694167256355286,0.43873366713523865,-0.04741579294204712,0.7257567048072815,0.5552810430526733,-0.024007171392440796,0.7200334668159485,0.5057930946350098,-0.03585182502865791,0.7169848680496216,0.4742957055568695,-0.04055255278944969,0.7148898839950562,0.44734060764312744,-0.043592486530542374,0.7473894357681274,0.5695410966873169,-0.02822449430823326,0.7520164847373962,0.5320144295692444,-0.04028574004769325,0.7552782893180847,0.5070667862892151,-0.043609995394945145,0.7584694623947144,0.4839411675930023,-0.04497548192739487,Hello
0.6575351357460022,0.7193561792373657,4.7893799148823746e-08,0.6092526316642761,0.699893593788147,-0.01564330980181694,0.5638909935951233,0.6700558662414551,-0.03209906071424484,0.5361806750297546,0.6547368764877319,-0.05054105073213577,0.5285544395446777,0.6365527510643005,-0.06938392668962479,0.5911749601364136,0.5648137927055359,-0.024369925260543823,0.5587975382804871,0.5305476784706116,-0.06097383797168732,0.5459344387054443,0.5700053572654724,-0.09066234529018402,0.5450703501701355,0.611452043056488,-0.1065337136387825,0.6195979714393616,0.5455750226974487,-0.03541222959756851,0.601978063583374,0.46098577976226807,-0.05466338247060776,0.588413655757904,0.407877653837204,-0.07193455100059509,0.5811487436294556,0.3635618984699249,-0.08496937900781631,0.6527875661849976,0.5536970496177673,-0.05044245347380638,0.6521651148796082,0.4736715853214264,-0.07174324244260788,0.6481420993804932,0.42488914728164673,-0.08624887466430664,0.6444211006164551,0.3807346820831299,-0.09626404941082001,0.687260627746582,0.5835755467414856,-0.06686579436063766,0.7132713198661804,0.5357340574264526,-0.0857175886631012,0.7262816429138184,0.49830013513565063,-0.09056652337312698,0.7358192801475525,0.46176689863204956,-0.09308519214391708,OK
0.6393222808837891,0.7007201910018921,3.40106566909526e-07,0.606163501739502,0.7057120203971863,-0.013289397582411766,0.5706483721733093,0.7055181264877319,-0.03877880796790123,0.537190854549408,0.7161147594451904,-0.0638953223824501,0.5048877000808716,0.7246875762939453,-0.08983185142278671,0.5528832077980042,0.6157726645469666,-0.05373458191752434,0.5148118138313293,0.6264557242393494,-0.08971929550170898,0.5112595558166504,0.6668797731399536,-0.11492107808589935,0.5145662426948547,0.6994368433952332,-0.12787556648254395,0.5749187469482422,0.5970693826675415,-0.06457217037677765,0.5342035293579102,0.5281907916069031,-0.09450531750917435,0.5188876986503601,0.47278669476509094,-0.112555131316185,0.5122672915458679,0.4226865768432617,-0.1237267255783081,0.6100074052810669,0.5986815094947815,-0.07493692636489868,0.6011339426040649,0.5106885433197021,-0.10233337432146072,0.5918486714363098,0.4546068012714386,-0.1154271811246872,0.5825154781341553,0.4075024724006653,-0.12223715335130692,0.6487029194831848,0.6152422428131104,-0.08426748216152191,0.6650964021682739,0.555608332157135,-0.10082542151212692,0.6717466115951538,0.5159066319465637,-0.0999775379896164,0.6734370589256287,0.4791974723339081,-0.0977528765797615,OK
0.660603940486908,0.7593355178833008,1.2342785282726254e-07,0.6139032244682312,0.728539228439331,-0.015044622123241425,0.5722182393074036,0.6960713863372803,-0.03509543463587761,0.5408843159675598,0.6760544776916504,-0.05656973272562027,0.5369588732719421,0.6600716710090637,-0.07846236228942871,0.6199193000793457,0.6043843030929565,-0.03751200810074806,0.5789525508880615,0.5684163570404053,-0.0758754089474678,0.5546011328697205,0.6009458899497986,-0.10424260795116425,0.5428191423416138,0.6442587971687317,-0.11920186132192612,0.6502691507339478,0.5997123122215271,-0.049739278852939606,0.6466206312179565,0.5065731406211853,-0.07462412118911743,0.6453167200088501,0.45175012946128845,-0.09276966005563736,0.6470119953155518,0.4116142690181732,-0.10564476996660233,0.6815517544746399,0.6205266118049622,-0.06467705965042114,0.6999805569648743,0.5336061120033264,-0.09003334492444992,0.715072751045227,0.47797706723213196,-0.10499441623687744,0.7272247672080994,0.4281713664531708,-0.11499184370040894,0.7096004486083984,0.6609881520271301,-0.08030520379543304,0.7499698996543884,0.6185694932937622,-0.10262187570333481,0.7744338512420654,0.5823258757591248,-0.10868909955024719,0.792643666267395,0.5434216260910034,-0.1117253303527832,OK
0.5283841490745544,0.6598634123802185,4.743205579416099e-07,0.495283842086792,0.6729966402053833,-0.023383542895317078,0.46211421489715576,0.6650500893592834,-0.045198578387498856,0.4367839992046356,0.6569592952728271,-0.06427664309740067,0.4115631580352783,0.6478813886642456,-0.08566015958786011,0.46257781982421875,0.5772766470909119,-0.06081542372703552,0.4397485554218292,0.5390878319740295,-0.08672376722097397,0.43355220556259155,0.5438769459724426,-0.10386437922716141,0.43468520045280457,0.5507436990737915,-0.1153365820646286,0.4824255108833313,0.5592993497848511,-0.06431557983160019,0.46000486612319946,0.49866944551467896,-0.08959183841943741,0.45048806071281433,0.4668564796447754,-0.10903054475784302,0.4474306106567383,0.44196006655693054,-0.12356111407279968,0.5113397240638733,0.564414918422699,-0.0674414113163948,0.4966241121292114,0.5112927556037903,-0.09692907333374023,0.48526066541671753,0.49438977241516113,-0.12074824422597885,0.48207834362983704,0.4845239222049713,-0.137054905295372,0.5443369150161743,0.5829943418502808,-0.07022938132286072,0.561523973941803,0.5618379712104797,-0.10218699276447296,0.5723268985748291,0.5555328130722046,-0.12063055485486984,0.5844791531562805,0.551620364189148,-0.13227862119674683,OK
0.6731101870536804,0.7219619750976562,1.7408332553259243e-07,0.6376456022262573,0.7139389514923096,-0.016336675733327866,0.6062475442886353,0.6851922273635864,-0.029010532423853874,0.5830070376396179,0.670995831489563,-0.041522372514009476,0.5733012557029724,0.6524507999420166,-0.054095558822155,0.6292355060577393,0.588854193687439,-0.017119094729423523,0.6044474244117737,0.5613072514533997,-0.04281006380915642,0.5883669853210449,0.5814546346664429,-0.0649406835436821,0.5808517932891846,0.6096017360687256,-0.07670879364013672,0.6570944786071777,0.578080415725708,-0.021942049264907837,0.6499523520469666,0.5176965594291687,-0.03307332471013069,0.644377589225769,0.4840523600578308,-0.04459502175450325,0.6414139866828918,0.45827728509902954,-0.05271363630890846,0.6878545880317688,0.5882236361503601,-0.030440805479884148,0.691937267780304,0.5309982299804688,-0.04500139504671097,0.6930080056190491,0.4898393154144287,-0.05513303354382515,0.6935792565345764,0.4557672441005707,-0.06134997308254242,0.7164316773414612,0.6166874170303345,-0.04029890522360802,0.7365354299545288,0.5803580284118652,-0.05646885558962822,0.7479979991912842,0.5509964823722839,-0.06058650463819504,0.7563096284866333,0.5260190367698669,-0.06130962073802948,OK
0.31603744626045227,0.7069922685623169,2.1624011026233347e-07,0.3496622145175934,0.686737596988678,-0.02071441523730755,0.3782743215560913,0.6596014499664307,-0.03889266401529312,0.39625096321105957,0.6459593772888184,-0.0579225979745388,0.4006611704826355,0.6359293460845947,-0.07570373266935349,0.35478508472442627,0.5676054358482361,-0.023940782994031906,0.38520899415016174,0.544008731842041,-0.05683548375964165,0.39566144347190857,0.5778530240058899,-0.08315880596637726,0.39416998624801636,0.614922046661377,-0.09619471430778503,0.3274218738079071,0.551010012626648,-0.029040399938821793,0.3454120457172394,0.4788673520088196,-0.04711102321743965,0.3519327938556671,0.4317134618759155,-0.06196657940745354,0.35503461956977844,0.39130717515945435,-0.07270008325576782,0.2977276146411896,0.5561935901641846,-0.03858169913291931,0.2902669608592987,0.48489832878112793,-0.0557413175702095,0.28439727425575256,0.4446296691894531,-0.07055237889289856,0.2831134498119354,0.40751346945762634,-0.08000467717647552,0.268757700920105,0.5828664898872375,-0.05003514885902405,0.24602730572223663,0.5420045852661133,-0.06051122397184372,0.23154067993164062,0.5168014168739319,-0.06374897807836533,0.2226942926645279,0.4899546504020691,-0.06625779718160629,OK
0.2736642360687256,0.677442193031311,2.1352150270104175e-07,0.30907970666885376,0.6439406871795654,-0.021535761654376984,0.33600008487701416,0.6076045036315918,-0.03779467195272446,0.3491058647632599,0.5806071162223816,-0.05435524135828018,0.33590561151504517,0.55731600522995,-0.06864083558320999,0.28674381971359253,0.5226241946220398,-0.023785462602972984,0.3098216950893402,0.48850348591804504,-0.055638961493968964,0.3246893584728241,0.5167931318283081,-0.0794934332370758,0.32690033316612244,0.5497100353240967,-0.09053640067577362,0.2555946111679077,0.5144893527030945,-0.0280193779617548,0.2545182704925537,0.4353727400302887,-0.04641050472855568,0.2502415180206299,0.38532304763793945,-0.05964713543653488,0.24331578612327576,0.34329932928085327,-0.06855714321136475,0.22705331444740295,0.5289630889892578,-0.03662144020199776,0.20805911719799042,0.47188806533813477,-0.05234944820404053,0.1964409351348877,0.43654775619506836,-0.06345711648464203,0.18913660943508148,0.4024314880371094,-0.07027123868465424,0.20311129093170166,0.5636085867881775,-0.047617897391319275,0.17570623755455017,0.5378729701042175,-0.05653746426105499,0.15697504580020905,0.5193048715591431,-0.05770286172628403,0.1435401886701584,0.4990086555480957,-0.0583471804857254,OK
0.5285449028015137,0.7071889042854309,2.832078962455853e-07,0.5602660775184631,0.7201387882232666,-0.02149336040019989,0.5928164124488831,0.7141330242156982,-0.03422946855425835,0.6162188053131104,0.7028512358665466,-0.04523646831512451,0.6340339779853821,0.696214497089386,-0.05740058049559593,0.5864658355712891,0.6264660954475403,-0.03574703261256218,0.6006023287773132,0.5807091593742371,-0.05973859876394272,0.596651554107666,0.5829012989997864,-0.07565078139305115,0.5891265273094177,0.5886362195014954,-0.08462174981832504,0.5738260746002197,0.6079230308532715,-0.03845784813165665,0.6083471179008484,0.5666255354881287,-0.05929412320256233,0.6267665028572083,0.5450741648674011,-0.07552498579025269,0.6399754285812378,0.5304543375968933,-0.08653382956981659,0.5495294332504272,0.6039168834686279,-0.04348236694931984,0.5800595879554749,0.5751818418502808,-0.0683128833770752,0.5954439043998718,0.578715980052948,-0.08811338990926743,0.6060078144073486,0.5863562226295471,-0.09971214085817337,0.5192116498947144,0.6093886494636536,-0.04871894419193268,0.5058842897415161,0.582355797290802,-0.0705651268362999,0.4985923767089844,0.5617427229881287,-0.08392228186130524,0.49449944496154785,0.5480897426605225,-0.09267248213291168,OK
0.2971592843532562,0.7421367168426514,1.7785586692298239e-07,0.3208969235420227,0.7102233171463013,-0.021690111607313156,0.33974266052246094,0.6719828248023987,-0.0365770161151886,0.33994677662849426,0.6451899409294128,-0.05125533416867256,0.3171639144420624,0.646630048751831,-0.06455635279417038,0.29519516229629517,0.604596734046936,-0.021278182044625282,0.2999196946620941,0.5724315047264099,-0.04579123854637146,0.30413898825645447,0.5944159626960754,-0.06453066319227219,0.30401596426963806,0.6223952770233154,-0.0735824704170227,0.26561886072158813,0.6054201722145081,-0.023883454501628876,0.2538132071495056,0.5397939085960388,-0.03639350086450577,0.24478165805339813,0.501859188079834,-0.04633259028196335,0.23662135004997253,0.46954643726348877,-0.05331513285636902,0.24162042140960693,0.6234846711158752,-0.030358267948031425,0.2229069471359253,0.5747160911560059,-0.04139980673789978,0.2114160805940628,0.5446630120277405,-0.05054084211587906,0.2035641074180603,0.5164707899093628,-0.05704126134514809,0.2233620136976242,0.6562988758087158,-0.03932643309235573,0.2020164430141449,0.6339915990829468,-0.04605531319975853,0.1875729262828827,0.6199764609336853,-0.04735219478607178,0.17582064867019653,0.6051361560821533,-0.04860397055745125,OK
0.282110333442688,0.6675249934196472,2.3756113876061136e-07,0.31995734572410583,0.6429178714752197,-0.028134983032941818,0.3541566729545593,0.6068215370178223,-0.04648803919553757,0.361648291349411,0.5724368095397949,-0.06392419338226318,0.3332708179950714,0.5589965581893921,-0.0792907103896141,0.3151741027832031,0.5150620341300964,-0.024523457512259483,0.33188506960868835,0.4814164340496063,-0.05696440488100052,0.3322584331035614,0.5150010585784912,-0.08164211362600327,0.3253297209739685,0.5494319200515747,-0.09290435910224915,0.2823323905467987,0.5028131008148193,-0.024882547557353973,0.2900802493095398,0.4321821630001068,-0.04160687327384949,0.29190459847450256,0.3886389136314392,-0.05378381907939911,0.29248109459877014,0.34866487979888916,-0.06159156188368797,0.25108471512794495,0.5125028491020203,-0.03060765378177166,0.2406570464372635,0.45332178473472595,-0.04530550539493561,0.2334098219871521,0.41675975918769836,-0.056034307926893234,0.23110201954841614,0.3820948302745819,-0.06275154650211334,0.22200143337249756,0.5431408286094666,-0.03935403749346733,0.20074670016765594,0.5135337114334106,-0.04747717082500458,0.18768402934074402,0.4942701458930969,-0.04886682331562042,0.18007968366146088,0.4745098054409027,-0.04973457753658295,OK
0.34854739904403687,0.5609297752380371,1.0207265432882195e-07,0.3832412362098694,0.5746367573738098,-0.040903978049755096,0.41908109188079834,0.5634588003158569,-0.0633930191397667,0.44987842440605164,0.5493894219398499,-0.08188281953334808,0.4821400046348572,0.5476954579353333,-0.09903275966644287,0.40604686737060547,0.466268390417099,-0.05031198635697365,0.4212392270565033,0.4082048237323761,-0.08011479675769806,0.4325617253780365,0.3664162755012512,-0.09575892239809036,0.44224488735198975,0.3269476890563965,-0.10391389578580856,0.3855739235877991,0.4503866136074066,-0.040015485137701035,0.3551958203315735,0.45183470845222473,-0.07651755958795547,0.35069170594215393,0.5004476308822632,-0.08219418674707413,0.35781434178352356,0.518904983997345,-0.07810787111520767,0.3621940016746521,0.44733017683029175,-0.033954039216041565,0.3336426019668579,0.4572288691997528,-0.06848156452178955,0.3366256356239319,0.5013692378997803,-0.06586232781410217,0.34803420305252075,0.5250248312950134,-0.053497761487960815,0.34075480699539185,0.4467007517814636,-0.03123173862695694,0.3331785202026367,0.4012657105922699,-0.05357908457517624,0.32739388942718506,0.37024521827697754,-0.0547511987388134,0.32537752389907837,0.3382064700126648,-0.048918113112449646,I love you
0.2992576062679291,0.5531543493270874,3.451271268772871e-08,0.3372415006160736,0.5461962223052979,-0.04064830020070076,0.3652934432029724,0.5066582560539246,-0.059164755046367645,0.38930827379226685,0.4699699580669403,-0.07295471429824829,0.4224357604980469,0.4607519209384918,-0.08581236004829407,0.3282005786895752,0.41438570618629456,-0.038022030144929886,0.3294215202331543,0.3482668995857239,-0.05445515736937523,0.33333447575569153,0.30340075492858887,-0.06113799288868904,0.3359256684780121,0.2649862766265869,-0.06378372013568878,0.30634087324142456,0.4179018437862396,-0.02571818232536316,0.27628934383392334,0.41363346576690674,-0.05566973611712456,0.2797876298427582,0.4629448354244232,-0.062278714030981064,0.287826269865036,0.49000734090805054,-0.05746149271726608,0.28588515520095825,0.42635565996170044,-0.016915127635002136,0.2607184648513794,0.428994745016098,-0.04858880117535591,0.27160146832466125,0.47383424639701843,-0.05155312269926071,0.2829066514968872,0.49639853835105896,-0.04225308075547218,0.2692622244358063,0.43452465534210205,-0.010703643783926964,0.2511497735977173,0.38640302419662476,-0.027737360447645187,0.2441807985305786,0.3599948585033417,-0.0287963654845953,0.2407587766647339,0.32987505197525024,-0.02355443686246872,I love you
0.3483283817768097,0.5503361225128174,-8.545231189316382e-09,0.38263264298439026,0.5653266906738281,-0.028998667374253273,0.4197283685207367,0.5490165948867798,-0.04288842901587486,0.4545607566833496,0.5407816171646118,-0.05510058254003525,0.4834067225456238,0.5476900935173035,-0.06669890880584717,0.41742199659347534,0.45192843675613403,-0.023724757134914398,0.4297293722629547,0.4039347767829895,-0.04134673997759819,0.44152596592903137,0.36451256275177,-0.052422743290662766,0.45101040601730347,0.3291771411895752,-0.059566035866737366,0.39642220735549927,0.43694037199020386,-0.018615413457155228,0.37320244312286377,0.43339139223098755,-0.0488726980984211,0.36758601665496826,0.48690852522850037,-0.058312661945819855,0.371736079454422,0.5175493955612183,-0.05715080723166466,0.3723602592945099,0.431608110666275,-0.016930652782320976,0.351600706577301,0.4322882294654846,-0.046388380229473114,0.3524341583251953,0.4793470501899719,-0.04876554757356644,0.3573817312717438,0.5086694359779358,-0.04107401520013809,0.34950241446495056,0.43287205696105957,-0.017648683860898018,0.34187376499176025,0.38499704003334045,-0.037335578352212906,0.33774855732917786,0.35486525297164917,-0.04163265600800514,0.3375522494316101,0.32473352551460266,-0.039375804364681244,I love you
0.2936721742153168,0.5287457704544067,-9.746249141073804e-09,0.32938551902770996,0.5402927398681641,-0.033170927315950394,0.36807161569595337,0.5188992023468018,-0.05058205872774124,0.40272045135498047,0.504429042339325,-0.06497563421726227,0.4366925358772278,0.5142966508865356,-0.07923883199691772,0.3550209105014801,0.42046287655830383,-0.03826959431171417,0.3626934289932251,0.3585628271102905,-0.0613679364323616,0.37045037746429443,0.31202659010887146,-0.07707870006561279,0.37644511461257935,0.2721087634563446,-0.0873895063996315,0.33385181427001953,0.4094737768173218,-0.03067157045006752,0.30285581946372986,0.40637296438217163,-0.06367822736501694,0.30193841457366943,0.45863890647888184,-0.0735202506184578,0.3091544508934021,0.48797425627708435,-0.07321076095104218,0.30962297320365906,0.408324658870697,-0.02608034573495388,0.28178298473358154,0.4117984473705292,-0.05562755838036537,0.28930985927581787,0.4575760066509247,-0.05590996518731117,0.300580769777298,0.4871954619884491,-0.047193944454193115,0.2864864468574524,0.4127877652645111,-0.02424229495227337,0.2726777195930481,0.3689490556716919,-0.04260195791721344,0.2621247470378876,0.34269988536834717,-0.04378381744027138,0.25543081760406494,0.31512486934661865,-0.039294417947530746,I love you
0.30853837728500366,0.5092529058456421,-1.0840851416560326e-07,0.3233214020729065,0.5121195316314697,-0.021880339831113815,0.3420504331588745,0.4703914523124695,-0.0287916362285614,0.35149165987968445,0.4319457709789276,-0.03203117102384567,0.3527519106864929,0.40207716822624207,-0.03452993556857109,0.33592167496681213,0.4228026866912842,-0.030140630900859833,0.3191641867160797,0.3680429756641388,-0.045467719435691833,0.30587685108184814,0.33276626467704773,-0.053017906844615936,0.29403021931648254,0.30211395025253296,-0.05768253281712532,0.3284417390823364,0.41339224576950073,-0.0237866397947073,0.316913366317749,0.3988211154937744,-0.047476351261138916,0.31575408577919006,0.4433090090751648,-0.05088162049651146,0.3203473687171936,0.4691419005393982,-0.047615181654691696,0.32181912660598755,0.4112098515033722,-0.019339222460985184,0.31496912240982056,0.4065563976764679,-0.041320208460092545,0.3113607168197632,0.4439582824707031,-0.037873316556215286,0.31324833631515503,0.46790406107902527,-0.028924936428666115,0.3168838620185852,0.4097306728363037,-0.01655852422118187,0.3197009265422821,0.36304324865341187,-0.033182285726070404,0.3230839669704437,0.3321825861930847,-0.036315400153398514,0.32872825860977173,0.3052695691585541,-0.0346953310072422,I love you
0.3378181755542755,0.5318955183029175,-1.116465231376651e-08,0.3735017776489258,0.5438967943191528,-0.030346833169460297,0.4146023392677307,0.5264882445335388,-0.04637989029288292,0.4495355486869812,0.5131305456161499,-0.060674604028463364,0.48180460929870605,0.5183724164962769,-0.07428524643182755,0.40659359097480774,0.43054747581481934,-0.031180350109934807,0.4187218248844147,0.3750643730163574,-0.054366253316402435,0.42881467938423157,0.3313688635826111,-0.06771016120910645,0.437423974275589,0.29360830783843994,-0.07553064078092575,0.3865523338317871,0.4174124002456665,-0.02494218945503235,0.3604912757873535,0.41685494780540466,-0.05467662960290909,0.357610821723938,0.46884915232658386,-0.05892408639192581,0.366077184677124,0.4891452193260193,-0.05527510121464729,0.36358019709587097,0.4154328405857086,-0.02267993614077568,0.3375858962535858,0.41740381717681885,-0.05218534544110298,0.3403242528438568,0.46247249841690063,-0.04908011108636856,0.35002410411834717,0.485811710357666,-0.03824956342577934,0.3398684561252594,0.4167398512363434,-0.023186907172203064,0.3307413160800934,0.37079086899757385,-0.04338565841317177,0.3236672878265381,0.3418164551258087,-0.04476666450500488,0.3212476372718811,0.3110490143299103,-0.040240123867988586,I love you
0.7552298307418823,0.8168501257896423,6.131231202743948e-07,0.7391693592071533,0.7499251961708069,-0.005821364466100931,0.692314088344574,0.7199573516845703,-0.01236172579228878,0.6558138132095337,0.7295214533805847,-0.018191246315836906,0.634349524974823,0.7572669982910156,-0.02490212582051754,0.6890614628791809,0.7135966420173645,-0.022655459120869637,0.666569173336029,0.66168612241745,-0.0383792519569397,0.6541269421577454,0.6258161664009094,-0.04929262027144432,0.6448440551757812,0.5948622226715088,-0.05517062917351723,0.6745328903198242,0.7562733292579651,-0.02638542652130127,0.6145612001419067,0.7327257990837097,-0.038325414061546326,0.5760497450828552,0.7182896733283997,-0.045005105435848236,0.5476003289222717,0.7094758152961731,-0.04958277568221092,0.6689528822898865,0.8040398359298706,-0.02897230163216591,0.6256774663925171,0.7913594245910645,-0.04156294837594032,0.6440136432647705,0.7857829332351685,-0.03734458237886429,0.6636350750923157,0.7881159782409668,-0.03082382120192051,0.6716981530189514,0.8449879884719849,-0.03147294744849205,0.6444972157478333,0.823965847492218,-0.03837517648935318,0.6608219146728516,0.8181446194648743,-0.02892526611685753,0.677531361579895,0.8195323944091797,-0.0195358507335186,See you again
0.6759539842605591,0.676909327507019,5.68644168197352e-07,0.6680243611335754,0.6102055311203003,-0.008072310127317905,0.6329267621040344,0.5734862685203552,-0.017535721883177757,0.5998426675796509,0.5801618695259094,-0.025324225425720215,0.5760865807533264,0.6005174517631531,-0.03502952679991722,0.6270122528076172,0.5694466829299927,-0.03677137941122055,0.6090618968009949,0.5097901821136475,-0.05452997609972954,0.5960438251495361,0.472347229719162,-0.06499652564525604,0.5865266919136047,0.43982845544815063,-0.0706571713089943,0.607780396938324,0.6096047759056091,-0.03868812695145607,0.561050295829773,0.579301118850708,-0.0541858971118927,0.5229696035385132,0.5650234222412109,-0.06259247660636902,0.49345099925994873,0.5565051436424255,-0.06858054548501968,0.5958558320999146,0.6546033024787903,-0.03856991231441498,0.5674020648002625,0.6323450803756714,-0.05005023255944252,0.5827082991600037,0.6314095854759216,-0.04606131836771965,0.598529577255249,0.6364679932594299,-0.04093693196773529,0.5918498635292053,0.6944241523742676,-0.03845130652189255,0.5736659169197083,0.6653627157211304,-0.04365362972021103,0.5877996683120728,0.6655303239822388,-0.0349375456571579,0.6013478636741638,0.6720873117446899,-0.02666924148797989,See you again
0.2784053683280945,0.6555299758911133,1.8803486057095142e-07,0.29424160718917847,0.5931057333946228,0.013831411488354206,0.32614806294441223,0.5683186650276184,0.015057885088026524,0.35657554864883423,0.5728816986083984,0.014329220168292522,0.3750229477882385,0.5874948501586914,0.013880502432584763,0.34614598751068115,0.5554001331329346,-0.007834386080503464,0.3691604733467102,0.5086948871612549,-0.015463941730558872,0.38061535358428955,0.4738714098930359,-0.021783022210001945,0.38694730401039124,0.4463315010070801,-0.025027435272932053,0.35894253849983215,0.593981146812439,-0.01653953269124031,0.4092077314853668,0.5785732865333557,-0.023366602137684822,0.4452432692050934,0.5654046535491943,-0.03199990466237068,0.4730827510356903,0.5582754611968994,-0.03802367299795151,0.3625066578388214,0.6358475089073181,-0.021006718277931213,0.38619527220726013,0.6235623955726624,-0.020370563492178917,0.3687727749347687,0.6218175292015076,-0.015098216943442822,0.35339871048927307,0.6262295246124268,-0.010523742064833641,0.361611545085907,0.674660325050354,-0.023938072845339775,0.37665894627571106,0.6515564322471619,-0.016156546771526337,0.3613092303276062,0.6483262777328491,-0.0024015146773308516,0.34858912229537964,0.6539546251296997,0.008578622713685036,See you again
0.3035276234149933,0.6389912366867065,3.622993745011627e-07,0.32362473011016846,0.5934591889381409,-0.017709650099277496,0.3458525836467743,0.5475240349769592,-0.03598475456237793,0.3621373772621155,0.5107214450836182,-0.050885431468486786,0.3698976933956146,0.4709285497665405,-0.06686965376138687,0.35040974617004395,0.5674270391464233,-0.05752032622694969,0.3719671964645386,0.5318186283111572,-0.08650938421487808,0.3855838477611542,0.5069252252578735,-0.10386231541633606,0.3964872360229492,0.48515403270721436,-0.115432970225811,0.35274630784988403,0.6025187969207764,-0.061998024582862854,0.3970268666744232,0.5980920195579529,-0.09438570588827133,0.4257628917694092,0.5888234972953796,-0.11167103797197342,0.4483121931552887,0.5780556797981262,-0.1234167069196701,0.3497043251991272,0.6383039355278015,-0.06546998769044876,0.3841456174850464,0.638856053352356,-0.09587214142084122,0.4062214493751526,0.6265004277229309,-0.10786915570497513,0.42375093698501587,0.6138509511947632,-0.11481650918722153,0.3431784212589264,0.6705343127250671,-0.0685046836733818,0.35871052742004395,0.6840419173240662,-0.09366107732057571,0.3623732328414917,0.6852972507476807,-0.10097172856330872,0.36598455905914307,0.6817820072174072,-0.10528954863548279,See you again
0.6721907258033752,0.6637718081474304,6.392367026819556e-07,0.6607208251953125,0.5979431867599487,-0.004012929741293192,0.6208259463310242,0.5672356486320496,-0.014229703694581985,0.5847374796867371,0.5755748748779297,-0.023642616346478462,0.5589898228645325,0.6006224751472473,-0.034525614231824875,0.6082567572593689,0.5604636669158936,-0.035755738615989685,0.5796411037445068,0.5060755014419556,-0.05345888063311577,0.5584973096847534,0.4690110683441162,-0.0630636215209961,0.5425239205360413,0.4393502473831177,-0.06823676079511642,0.596592366695404,0.6033872961997986,-0.040632933378219604,0.5376686453819275,0.5845552086830139,-0.06139267608523369,0.49729326367378235,0.5766056180000305,-0.07200794667005539,0.46760088205337524,0.5743393301963806,-0.07807738333940506,0.5942679047584534,0.6510297060012817,-0.041833508759737015,0.5622329115867615,0.6388046741485596,-0.056674033403396606,0.5790778994560242,0.6359284520149231,-0.04798091575503349,0.5946742296218872,0.6386371850967407,-0.038099780678749084,0.5985739231109619,0.6912904977798462,-0.04245728626847267,0.5722227096557617,0.6694158911705017,-0.04703742265701294,0.5879012942314148,0.6654603481292725,-0.0325331874191761,0.6022000312805176,0.6696364879608154,-0.019311504438519478,See you again
0.652962863445282,0.8441485166549683,3.5014485888495983e-07,0.6594340205192566,0.7831651568412781,-0.01886863075196743,0.6414961218833923,0.7330301403999329,-0.028474947437644005,0.6196350455284119,0.6989320516586304,-0.034898240119218826,0.6068165898323059,0.6659632325172424,-0.042200732976198196,0.5856296420097351,0.7624365091323853,-0.029616069048643112,0.5464609265327454,0.7375012636184692,-0.0419912226498127,0.5204118490219116,0.7180231809616089,-0.050086814910173416,0.5012808442115784,0.7018030285835266,-0.055950745940208435,0.5713481307029724,0.7984565496444702,-0.026904430240392685,0.5216699838638306,0.7834732532501221,-0.038406603038311005,0.4893133044242859,0.7698524594306946,-0.04696207493543625,0.46515217423439026,0.7576083540916443,-0.053207848221063614,0.5678898096084595,0.8324202299118042,-0.024744223803281784,0.5219424366950989,0.8193035125732422,-0.03668644651770592,0.49257227778434753,0.8077181577682495,-0.044917598366737366,0.4701756238937378,0.7952823042869568,-0.05019630119204521,0.5728420615196228,0.8632098436355591,-0.023356294259428978,0.5379804372787476,0.861932098865509,-0.03633442521095276,0.5152324438095093,0.8588311672210693,-0.04272955283522606,0.4968024492263794,0.8526957035064697,-0.045821238309144974,Thank you
0.6622162461280823,0.919288158416748,4.044198647079611e-07,0.6632230281829834,0.8630914688110352,-0.021611126139760017,0.6461271047592163,0.812678337097168,-0.03285599499940872,0.627494215965271,0.7770905494689941,-0.041041720658540726,0.6104206442832947,0.7446333169937134,-0.04962210729718208,0.5866883397102356,0.8428910374641418,-0.026993755251169205,0.5496521592140198,0.8150410652160645,-0.040359389036893845,0.5249762535095215,0.7943323254585266,-0.050101138651371,0.5055232644081116,0.7768061757087708,-0.05677524209022522,0.575787365436554,0.880844235420227,-0.023394787684082985,0.5341856479644775,0.8631090521812439,-0.03539934754371643,0.5068875551223755,0.8489105701446533,-0.045000676065683365,0.48463746905326843,0.837416410446167,-0.05186144635081291,0.5750582218170166,0.9143069982528687,-0.021134795621037483,0.5363258123397827,0.9024549722671509,-0.032603710889816284,0.5111308097839355,0.8925279378890991,-0.03933167830109596,0.4909055531024933,0.8816394805908203,-0.04349573701620102,0.581426203250885,0.9429757595062256,-0.02043423056602478,0.5480260848999023,0.9377037286758423,-0.031056823208928108,0.5286534428596497,0.9312294721603394,-0.03535235673189163,0.5134122371673584,0.9211061000823975,-0.03727119043469429,Thank you
0.6724532246589661,0.8459861278533936,3.456433717019536e-07,0.6715240478515625,0.787382185459137,-0.017389945685863495,0.6503016948699951,0.7397920489311218,-0.027284761890769005,0.6258529424667358,0.7091547250747681,-0.034022822976112366,0.6082893013954163,0.6808658838272095,-0.041817933320999146,0.6006941795349121,0.7709810733795166,-0.0338127464056015,0.5574344396591187,0.7477002143859863,-0.04725394397974014,0.5292091369628906,0.7323789000511169,-0.055272478610277176,0.5075699090957642,0.7206500768661499,-0.06073212996125221,0.5903180241584778,0.8089851140975952,-0.032139573246240616,0.537011981010437,0.7987307906150818,-0.04443555697798729,0.5041743516921997,0.7895300388336182,-0.052657175809144974,0.47995051741600037,0.7811805605888367,-0.05846502259373665,0.5897328853607178,0.8433113694190979,-0.030538829043507576,0.5413161516189575,0.8404840230941772,-0.04235554859042168,0.5127608776092529,0.8349733352661133,-0.04959511011838913,0.4910704493522644,0.8267604112625122,-0.054279960691928864,0.5968095660209656,0.8729609847068787,-0.02958541363477707,0.5616061687469482,0.8755524158477783,-0.04181874170899391,0.5392841696739197,0.8743109703063965,-0.04744919762015343,0.5207895636558533,0.8691605925559998,-0.05010111257433891,Thank you
0.6620908975601196,0.9260044097900391,4.241282169914484e-07,0.6679775714874268,0.8688646554946899,-0.02327665314078331,0.6508400440216064,0.8154276609420776,-0.033948902040719986,0.6298226714134216,0.7786413431167603,-0.04013867676258087,0.6170186996459961,0.7418544292449951,-0.04638735577464104,0.5963327288627625,0.8442240357398987,-0.028273586183786392,0.5580899715423584,0.8199880123138428,-0.03708840534090996,0.5341519117355347,0.8024189472198486,-0.04258555918931961,0.5176429748535156,0.7873159646987915,-0.04648765176534653,0.5828555822372437,0.8805525302886963,-0.021377025172114372,0.5409818887710571,0.8607586026191711,-0.0287444069981575,0.5138951539993286,0.8431026339530945,-0.0347951278090477,0.4969686269760132,0.827755868434906,-0.03889654949307442,0.5800487399101257,0.913338840007782,-0.015665652230381966,0.5377951860427856,0.8993596434593201,-0.024393195286393166,0.512530505657196,0.8857199549674988,-0.03254358842968941,0.49437689781188965,0.8693130016326904,-0.03777051717042923,0.5864412188529968,0.9399687647819519,-0.011127417907118797,0.5571963787078857,0.9378149509429932,-0.02150273695588112,0.5392166376113892,0.9342237114906311,-0.028085170313715935,0.5256212949752808,0.926206111907959,-0.03140995651483536,Thank you
0.6872262954711914,0.8797721266746521,3.7361897398113797e-07,0.6834052801132202,0.8212336301803589,-0.018294325098395348,0.6616888642311096,0.7770423889160156,-0.029982732608914375,0.636517345905304,0.74604332447052,-0.03833279013633728,0.6174863576889038,0.7145450711250305,-0.04744230583310127,0.612774133682251,0.813740074634552,-0.03517180681228638,0.5669660568237305,0.7953248023986816,-0.049010615795850754,0.5391018986701965,0.7811556458473206,-0.0563664548099041,0.5180861353874207,0.768805205821991,-0.06113046407699585,0.6034835577011108,0.8521392345428467,-0.03306974470615387,0.5516842603683472,0.8372302651405334,-0.04540654271841049,0.5188254117965698,0.8243824243545532,-0.05285974591970444,0.49366408586502075,0.8129870295524597,-0.058045852929353714,0.603801429271698,0.8856731653213501,-0.03125113248825073,0.5564000606536865,0.8834236264228821,-0.04309549555182457,0.5264682769775391,0.8775672912597656,-0.05089949071407318,0.5032787322998047,0.8684037327766418,-0.0561663955450058,0.6112352609634399,0.9125300049781799,-0.03013475053012371,0.5767183303833008,0.9207069873809814,-0.04252231866121292,0.554483950138092,0.9208226203918457,-0.0492362342774868,0.5354502201080322,0.9149612188339233,-0.052931345999240875,Thank you
0.466655969619751,0.8589054942131042,2.3911832158773905e-07,0.48128369450569153,0.8077221512794495,-0.009457076899707317,0.5121961832046509,0.7774952054023743,-0.01765451952815056,0.543410062789917,0.7576849460601807,-0.023974629119038582,0.5588144063949585,0.7314697504043579,-0.03098488785326481,0.5450999736785889,0.811485767364502,-0.025041809305548668,0.5909813046455383,0.8025734424591064,-0.035938095301389694,0.6204538941383362,0.7962250709533691,-0.04196649417281151,0.6428980231285095,0.7922570705413818,-0.045519717037677765,0.550110936164856,0.8476610779762268,-0.02700369618833065,0.6032825708389282,0.8549489974975586,-0.034642137587070465,0.6354864239692688,0.8572079539299011,-0.03857626020908356,0.6592983603477478,0.8602363467216492,-0.041453372687101364,0.5475664138793945,0.8793326616287231,-0.028821684420108795,0.5976837873458862,0.8934929966926575,-0.03617995232343674,0.6266138553619385,0.897844672203064,-0.039852697402238846,0.6478148698806763,0.9003624320030212,-0.04226573556661606,0.5405895113945007,0.9053241610527039,-0.03084203228354454,0.5774384140968323,0.9238573908805847,-0.03668995201587677,0.6001663208007812,0.9318467974662781,-0.03751816228032112,0.6190455555915833,0.937197744846344,-0.037497278302907944,Thank you
0.46188950538635254,0.9078162908554077,2.4871155801520217e-07,0.4710564613342285,0.8548510670661926,-0.011422207579016685,0.4977893829345703,0.8186756372451782,-0.01976829580962658,0.5263099074363708,0.7944300174713135,-0.025612229481339455,0.5438231229782104,0.7706307172775269,-0.03143010661005974,0.5427901148796082,0.8520829677581787,-0.02397788316011429,0.5910111665725708,0.8450679779052734,-0.032935746014118195,0.6195009350776672,0.8357507586479187,-0.037673771381378174,0.6400940418243408,0.8264370560646057,-0.04021897539496422,0.546973466873169,0.8888444304466248,-0.02385469153523445,0.5972539782524109,0.8899807333946228,-0.03021806664764881,0.6273512840270996,0.8856337070465088,-0.03391796723008156,0.6493421792984009,0.8810784220695496,-0.03655379265546799,0.5448682904243469,0.9203165769577026,-0.02391938306391239,0.5929091572761536,0.9268279075622559,-0.030651653185486794,0.6219687461853027,0.9256073832511902,-0.035188622772693634,0.6437245607376099,0.9227217435836792,-0.038068365305662155,0.5390729904174805,0.9454852938652039,-0.024257443845272064,0.5751739740371704,0.9573813676834106,-0.03055788390338421,0.5982052683830261,0.9612038135528564,-0.0327809639275074,0.617545485496521,0.9627743363380432,-0.03344530612230301,Thank you
0.46739739179611206,0.8879214525222778,2.1151254259166308e-07,0.4775756597518921,0.8339681625366211,-0.01254209689795971,0.5041654706001282,0.8020695447921753,-0.022804895415902138,0.5338975191116333,0.7749214172363281,-0.03038681484758854,0.5500644445419312,0.743988037109375,-0.03798254206776619,0.5479968786239624,0.8351206183433533,-0.024707192555069923,0.5913258790969849,0.8307320475578308,-0.033886585384607315,0.6162006855010986,0.8220060467720032,-0.03924255445599556,0.6351784467697144,0.8119033575057983,-0.04251116141676903,0.5536158680915833,0.8710905313491821,-0.02390480227768421,0.6009871959686279,0.8758975863456726,-0.03011382557451725,0.6269409656524658,0.8728561997413635,-0.0333731584250927,0.6457042694091797,0.8688673377037048,-0.03575826808810234,0.5511612296104431,0.9023080468177795,-0.023224715143442154,0.5972444415092468,0.9122772216796875,-0.029352637007832527,0.6234692335128784,0.9117250442504883,-0.032511357218027115,0.6426036953926086,0.9084580540657043,-0.03458501771092415,0.54435795545578,0.9275810718536377,-0.022928841412067413,0.5791483521461487,0.9403802156448364,-0.02770950272679329,0.6003615856170654,0.9448797106742859,-0.028311915695667267,0.6176820993423462,0.9460878968238831,-0.028045451268553734,Thank you
0.45991671085357666,0.8825132250785828,2.797093259232497e-07,0.4693623185157776,0.8274775147438049,-0.014662323519587517,0.49411600828170776,0.7903670072555542,-0.026102466508746147,0.5220673084259033,0.7615970969200134,-0.03451915457844734,0.5377710461616516,0.7310676574707031,-0.04283098503947258,0.5365164279937744,0.8242411017417908,-0.026781385764479637,0.5798927545547485,0.8223817348480225,-0.03709536790847778,0.6051629781723022,0.8135379552841187,-0.04334968701004982,0.6241841316223145,0.8039119243621826,-0.04707036539912224,0.5437226295471191,0.86211097240448,-0.02568899653851986,0.593518078327179,0.8659519553184509,-0.03255835175514221,0.6234744191169739,0.8617377281188965,-0.036739759147167206,0.6458637118339539,0.8572075963020325,-0.03993893414735794,0.5434398055076599,0.8941571712493896,-0.024861948564648628,0.5907840132713318,0.8998898863792419,-0.03146664798259735,0.6183512210845947,0.8970908522605896,-0.03530368581414223,0.6385848522186279,0.8930138945579529,-0.03797200694680214,0.538479745388031,0.9200478196144104,-0.02464735135436058,0.573467493057251,0.929376482963562,-0.030411625280976295,0.5956898927688599,0.931908369064331,-0.03162924945354462,0.6139156818389893,0.9324629902839661,-0.0316997766494751,Thank you
0.45998090505599976,0.8726930618286133,3.1531595823253156e-07,0.4661615788936615,0.8155093789100647,-0.011934471316635609,0.488638699054718,0.773499608039856,-0.020979396998882294,0.5105262994766235,0.7414966821670532,-0.0276279728859663,0.5229592323303223,0.7114352583885193,-0.03412877023220062,0.5352494120597839,0.8095274567604065,-0.01938670501112938,0.5795285701751709,0.8152265548706055,-0.026158316060900688,0.6067190170288086,0.8170013427734375,-0.031038016080856323,0.6265010833740234,0.8178666234016418,-0.03419792279601097,0.5411841869354248,0.8455882668495178,-0.018297605216503143,0.5860599875450134,0.8499255776405334,-0.021324072033166885,0.6129606366157532,0.848966121673584,-0.023932918906211853,0.6324288249015808,0.8475483655929565,-0.02656087838113308,0.5406720638275146,0.8775070905685425,-0.017587751150131226,0.582504153251648,0.8816999793052673,-0.019830558449029922,0.6080006957054138,0.8801703453063965,-0.022233320400118828,0.626933217048645,0.875933825969696,-0.02483351342380047,0.5356754660606384,0.905036211013794,-0.01758117415010929,0.5671074986457825,0.9111888408660889,-0.020039021968841553,0.5861223936080933,0.9099469184875488,-0.02006298303604126,0.6010415554046631,0.9044061899185181,-0.019865207374095917,Thank you
0.7658219933509827,0.7618265151977539,5.284540520733572e-07,0.7529152631759644,0.6869206428527832,0.0023817301262170076,0.7111262083053589,0.6529174447059631,-0.005685736425220966,0.6725390553474426,0.6667611598968506,-0.013559073209762573,0.6440152525901794,0.6906782388687134,-0.02315806783735752,0.6943166851997375,0.6467371582984924,-0.03608885034918785,0.6575833559036255,0.5879040360450745,-0.05387488380074501,0.6329851746559143,0.552371621131897,-0.06597200036048889,0.6125363111495972,0.5237675905227661,-0.07320389151573181,0.6756234765052795,0.6921089887619019,-0.0403766855597496,0.6082390546798706,0.6579858064651489,-0.05605386570096016,0.5648766160011292,0.6369644999504089,-0.06529891490936279,0.5312237739562988,0.6248157620429993,-0.07246898859739304,0.6654970049858093,0.73749178647995,-0.04010211303830147,0.6229413151741028,0.7118460536003113,-0.046442143619060516,0.641549825668335,0.7075091600418091,-0.03876243531703949,0.6602022647857666,0.710938572883606,-0.03228471800684929,0.6649504899978638,0.7751519680023193,-0.039125245064496994,0.6407360434532166,0.7421035766601562,-0.03853169083595276,0.6572736501693726,0.7394951581954956,-0.025836210697889328,0.6730348467826843,0.7424227595329285,-0.015307405963540077,See you again
0.7722552418708801,0.758926272392273,5.853112838849484e-07,0.7563153505325317,0.6999014616012573,-0.0017705514328554273,0.7168805599212646,0.678298830986023,-0.01043038722127676,0.6861868500709534,0.6923397779464722,-0.017379729077219963,0.6647094488143921,0.7162549495697021,-0.026072604581713676,0.7054648399353027,0.6724977493286133,-0.041367582976818085,0.672948956489563,0.6230016350746155,-0.060264989733695984,0.6534351110458374,0.590484082698822,-0.07460323721170425,0.6363351345062256,0.5621913075447083,-0.08348427712917328,0.6981399059295654,0.7146430015563965,-0.043431807309389114,0.6380689144134521,0.6919837594032288,-0.05604080855846405,0.5999033451080322,0.6785860061645508,-0.06453841179609299,0.5703921318054199,0.6726384162902832,-0.07266568392515182,0.6952652931213379,0.7576329708099365,-0.04142110422253609,0.6461496353149414,0.7389774918556213,-0.04648474603891373,0.6603080630302429,0.731965959072113,-0.03710088133811951,0.6789678931236267,0.7343292832374573,-0.03053654171526432,0.696921169757843,0.7927786111831665,-0.03904139995574951,0.6616652607917786,0.7656774520874023,-0.039911579340696335,0.6745089292526245,0.7592655420303345,-0.02732461504638195,0.6911320686340332,0.7606338262557983,-0.017134303227066994,See you again
0.730009913444519,0.7485993504524231,4.651873837246967e-07,0.7196998000144958,0.6882006525993347,-0.0005551596987061203,0.686733603477478,0.6635562181472778,-0.0023664741311222315,0.6598564982414246,0.6727576851844788,-0.004773423075675964,0.6415301561355591,0.6941595673561096,-0.008659176528453827,0.6632473468780518,0.6555202603340149,-0.013867078348994255,0.6306580901145935,0.6082471013069153,-0.02487027458846569,0.6052025556564331,0.582232654094696,-0.03250392526388168,0.5837680101394653,0.5639426112174988,-0.03663162514567375,0.65212082862854,0.696636438369751,-0.017206642776727676,0.6067920327186584,0.6805287003517151,-0.02626877836883068,0.5749609470367432,0.6736258864402771,-0.033084437251091,0.548944354057312,0.6695654392242432,-0.03729366138577461,0.6502718925476074,0.7359129190444946,-0.019109785556793213,0.6298961043357849,0.7224308848381042,-0.027566276490688324,0.6452447772026062,0.7197695970535278,-0.02703254483640194,0.6588137149810791,0.7214235663414001,-0.023494787514209747,0.6556784510612488,0.7674199938774109,-0.020668957382440567,0.6425532102584839,0.7445603609085083,-0.02378048747777939,0.6546048521995544,0.7428501844406128,-0.017411168664693832,0.6654238104820251,0.7447003126144409,-0.010391764342784882,See you again
0.7991133332252502,0.7399061322212219,4.815228749066591e-07,0.7842726111412048,0.6788083910942078,-0.007670766208320856,0.744176983833313,0.654514491558075,-0.016466915607452393,0.7102608680725098,0.6663855314254761,-0.023583542555570602,0.6880888938903809,0.6901999115943909,-0.03097432106733322,0.7353041172027588,0.6533651351928711,-0.03277602791786194,0.71253901720047,0.6063382625579834,-0.0504162423312664,0.7092934846878052,0.5762269496917725,-0.06148848310112953,0.7116051912307739,0.5498069524765015,-0.06708584725856781,0.723507821559906,0.6917343139648438,-0.03400850296020508,0.6696504354476929,0.6682285070419312,-0.04796518012881279,0.6328660249710083,0.6602799296379089,-0.055390436202287674,0.6072102189064026,0.6588764786720276,-0.06086130067706108,0.7185837030410767,0.7339726686477661,-0.0334160253405571,0.6788219213485718,0.7099634408950806,-0.04516245424747467,0.6946579217910767,0.705437421798706,-0.04043598845601082,0.7136719822883606,0.709689199924469,-0.03435337916016579,0.720491349697113,0.7692100405693054,-0.03276853635907173,0.693246603012085,0.7382031679153442,-0.038375161588191986,0.7065922021865845,0.7327077984809875,-0.028920287266373634,0.7211512327194214,0.7366116642951965,-0.01991187408566475,See you again
0.7903841137886047,0.729699969291687,5.141503152117366e-07,0.7820721864700317,0.6664223074913025,4.636679659597576e-05,0.7499760985374451,0.6334549784660339,-0.006934287026524544,0.7192238569259644,0.6395981907844543,-0.013944013975560665,0.6958678960800171,0.655457615852356,-0.022413715720176697,0.7361973524093628,0.6209185123443604,-0.02838215045630932,0.7225021719932556,0.5696463584899902,-0.04644036665558815,0.7170372009277344,0.5355029702186584,-0.0590946227312088,0.7130021452903748,0.5059921741485596,-0.06597771495580673,0.7172756791114807,0.6538509726524353,-0.0339985154569149,0.6654087901115417,0.6116201877593994,-0.0469231940805912,0.6313968896865845,0.5887252688407898,-0.054498784244060516,0.6033790111541748,0.5742511749267578,-0.06013764441013336,0.7073356509208679,0.6926472187042236,-0.03675767779350281,0.6687962412834167,0.6706883907318115,-0.04590417444705963,0.6855806112289429,0.6738013625144958,-0.0398792065680027,0.7024004459381104,0.681438148021698,-0.033530306071043015,0.7057519555091858,0.7295150756835938,-0.038970816880464554,0.6828913688659668,0.7066679000854492,-0.040689364075660706,0.6969262361526489,0.707969605922699,-0.028283778578042984,0.7104791402816772,0.7129408717155457,-0.017567040398716927,See you again
0.7087104320526123,0.7049134969711304,-7.536816326592088e-08,0.6731781959533691,0.6918584108352661,-0.0223692599684,0.6475436687469482,0.6503860950469971,-0.038429416716098785,0.6286045908927917,0.6124212741851807,-0.05146337300539017,0.6045656800270081,0.5832210183143616,-0.06411586701869965,0.6992764472961426,0.6067360639572144,-0.032245319336652756,0.6980608105659485,0.5550734400749207,-0.04505161941051483,0.6949635148048401,0.5249021649360657,-0.05187985301017761,0.6924542784690857,0.49715471267700195,-0.05756216496229172,0.7267203330993652,0.6055843234062195,-0.03070242702960968,0.7357529401779175,0.5905944108963013,-0.05240890011191368,0.7416737079620361,0.6042542457580566,-0.06079692766070366,0.7474445700645447,0.6121969819068909,-0.06358286738395691,0.7485830187797546,0.6106945276260376,-0.030716266483068466,0.7608749270439148,0.5753186345100403,-0.05093672126531601,0.7676239609718323,0.53978431224823,-0.0590289868414402,0.7733191251754761,0.5062226057052612,-0.06272704899311066,0.7641758918762207,0.6174442768096924,-0.031321052461862564,0.7772011160850525,0.5771381258964539,-0.04479239881038666,0.7838326692581177,0.5450132489204407,-0.04860400781035423,0.7880013585090637,0.5124770402908325,-0.050788912922143936,I love you
0.2768123149871826,0.6634488105773926,-1.7627643789097647e-09,0.31236743927001953,0.6714152693748474,-0.03882741183042526,0.3473993241786957,0.6494647860527039,-0.05869390815496445,0.3734897971153259,0.6194576025009155,-0.07445737719535828,0.4075743854045868,0.6141535043716431,-0.08860159665346146,0.3240957260131836,0.5597589015960693,-0.039140332490205765,0.3286588788032532,0.5026492476463318,-0.05886387452483177,0.33204028010368347,0.463552325963974,-0.06675697863101959,0.3352648913860321,0.42696601152420044,-0.07090933620929718,0.3039659261703491,0.547124981880188,-0.02845281921327114,0.2757805287837982,0.5470368266105652,-0.05361247435212135,0.2779902517795563,0.5953465700149536,-0.05440569296479225,0.28935742378234863,0.6098436713218689,-0.04906298592686653,0.28329145908355713,0.5469545722007751,-0.022004200145602226,0.25819534063339233,0.552560567855835,-0.048402316868305206,0.2656945288181305,0.594927191734314,-0.0438714474439621,0.2783719301223755,0.6109333634376526,-0.03314076364040375,0.2640281617641449,0.5504098534584045,-0.018888961523771286,0.2502228319644928,0.5045394897460938,-0.03531910106539726,0.24356351792812347,0.4784584045410156,-0.03485763445496559,0.24142658710479736,0.4495421051979065,-0.029976284131407738,I love you
0.2778039872646332,0.6218130588531494,2.474538440822016e-08,0.3118617534637451,0.6236552000045776,-0.0320219025015831,0.347297340631485,0.5980963110923767,-0.0477408766746521,0.3743201494216919,0.5745888948440552,-0.060978882014751434,0.40435677766799927,0.570348858833313,-0.0732821375131607,0.32667648792266846,0.5146111249923706,-0.03514910489320755,0.3309818208217621,0.45619362592697144,-0.05725084990262985,0.33367615938186646,0.4170093238353729,-0.06692960858345032,0.335959255695343,0.380155473947525,-0.0709492415189743,0.3072187006473541,0.5053895115852356,-0.02735789865255356,0.27809566259384155,0.5075141191482544,-0.056422337889671326,0.28049150109291077,0.5520179271697998,-0.059697460383176804,0.2897617816925049,0.5695018768310547,-0.054669082164764404,0.28656718134880066,0.5064967274665833,-0.02303958684206009,0.25866997241973877,0.5077447295188904,-0.05359043926000595,0.26537245512008667,0.548514187335968,-0.05145822465419769,0.2780395448207855,0.5700057148933411,-0.03977750986814499,0.2669713497161865,0.5098623037338257,-0.02108885534107685,0.259039044380188,0.4658285677433014,-0.0380806066095829,0.251358300447464,0.43979498744010925,-0.03731842339038849,0.24688765406608582,0.4116218686103821,-0.03086484968662262,I love you
0.24179086089134216,0.668208122253418,-4.558439670176995e-08,0.27271366119384766,0.6479724049568176,-0.03723413124680519,0.2950582206249237,0.6080157160758972,-0.05713829770684242,0.3173542022705078,0.572844386100769,-0.07343409210443497,0.3509826958179474,0.5592297911643982,-0.0879703238606453,0.2525210380554199,0.5331620573997498,-0.037703994661569595,0.236426442861557,0.47194719314575195,-0.055782802402973175,0.2284720242023468,0.43246906995773315,-0.06432867050170898,0.22310112416744232,0.3977473974227905,-0.0689409151673317,0.2312259078025818,0.5389516949653625,-0.02797938697040081,0.20414619147777557,0.5503061413764954,-0.055862851440906525,0.2181980013847351,0.5899909138679504,-0.06102195009589195,0.23242372274398804,0.6032037734985352,-0.058149680495262146,0.21261176466941833,0.5515581369400024,-0.021754775196313858,0.18761363625526428,0.5621635317802429,-0.049036022275686264,0.2062479853630066,0.5981831550598145,-0.04755145311355591,0.22231626510620117,0.6134417057037354,-0.03860395401716232,0.19629837572574615,0.5649466514587402,-0.018745608627796173,0.17261016368865967,0.5320861339569092,-0.03346186876296997,0.15809425711631775,0.5123230218887329,-0.0329475961625576,0.14553573727607727,0.48748666048049927,-0.028388679027557373,I love you
0.6720077991485596,0.6414810419082642,-2.207531650810779e-07,0.6392076015472412,0.6260861158370972,-0.022259043529629707,0.6123642325401306,0.5835959315299988,-0.03752101585268974,0.5924080014228821,0.5447073578834534,-0.050538089126348495,0.568874716758728,0.5158305168151855,-0.06351277977228165,0.6612192988395691,0.5263437032699585,-0.0365586094558239,0.6583470106124878,0.4808623492717743,-0.05623459443449974,0.6537125110626221,0.4448084235191345,-0.06931701302528381,0.6508291959762573,0.4134245812892914,-0.07885057479143143,0.690399169921875,0.5160766839981079,-0.035067882388830185,0.6948450803756714,0.5515530109405518,-0.06056201830506325,0.6810417771339417,0.5895965099334717,-0.06605463474988937,0.6735014319419861,0.6103467345237732,-0.06638683378696442,0.7128846645355225,0.5258357524871826,-0.03506549075245857,0.7149131298065186,0.5670855641365051,-0.059453245252370834,0.6984359622001648,0.5974384546279907,-0.055824995040893555,0.6883835792541504,0.6136410236358643,-0.04930083826184273,0.7308764457702637,0.5426840782165527,-0.03711552545428276,0.736189067363739,0.5698714852333069,-0.05518563836812973,0.7259318828582764,0.597302258014679,-0.052745990455150604,0.719553530216217,0.6132454872131348,-0.04714835435152054,I love you
0.7079060673713684,0.6821295619010925,-1.5804330644186848e-07,0.6712872982025146,0.6704308986663818,-0.023104561492800713,0.6381697058677673,0.635283350944519,-0.041116632521152496,0.6139371991157532,0.6015962362289429,-0.056767698377370834,0.5851949453353882,0.5756521821022034,-0.072484090924263,0.6791505813598633,0.5811818242073059,-0.04644205421209335,0.6759694218635559,0.5225323438644409,-0.06231424957513809,0.6712008714675903,0.48384416103363037,-0.06830252707004547,0.6656919121742249,0.45101839303970337,-0.07226268202066422,0.7063890695571899,0.5721865892410278,-0.0445808507502079,0.7006760835647583,0.5759164094924927,-0.07184799760580063,0.6923460960388184,0.6197406649589539,-0.07709591090679169,0.6922547221183777,0.6479666829109192,-0.07617832720279694,0.7292395830154419,0.5752404928207397,-0.04319305717945099,0.7244184017181396,0.5774015188217163,-0.07085476070642471,0.7114854454994202,0.6138332486152649,-0.07062903791666031,0.705534815788269,0.6406029462814331,-0.06396167725324631,0.7487137317657471,0.5785413384437561,-0.042547471821308136,0.7489295601844788,0.5226897597312927,-0.06257355958223343,0.7454063892364502,0.48443108797073364,-0.06589395552873611,0.7443596124649048,0.4549599885940552,-0.06459397077560425,I love you
0.7172629833221436,0.7642266154289246,3.319166523851891e-07,0.6776264309883118,0.7630854845046997,-0.022165510803461075,0.639093816280365,0.727841854095459,-0.03760191798210144,0.6121212840080261,0.6912933588027954,-0.050660815089941025,0.5846382975578308,0.6645993590354919,-0.0626303181052208,0.6680001020431519,0.675775408744812,-0.044736675918102264,0.6542680263519287,0.6059970259666443,-0.06424031406641006,0.6495407819747925,0.5621790289878845,-0.07227466255426407,0.6450722217559814,0.5251438617706299,-0.07602622359991074,0.694328248500824,0.6641886234283447,-0.044015005230903625,0.6718834042549133,0.5979718565940857,-0.06771280616521835,0.6604809761047363,0.56037437915802,-0.074759341776371,0.6542853713035583,0.532464861869812,-0.07637326419353485,0.7218796610832214,0.6637448668479919,-0.04387505725026131,0.7150839567184448,0.6352611780166626,-0.07091301679611206,0.7151265144348145,0.6644631624221802,-0.06894176453351974,0.7168736457824707,0.6936977505683899,-0.059356480836868286,0.7494989633560181,0.6659451723098755,-0.04485462233424187,0.7491693496704102,0.6112516522407532,-0.06481865048408508,0.7458845376968384,0.5759689211845398,-0.06599447131156921,0.738853931427002,0.5477957725524902,-0.062446534633636475,I love you
0.7666085958480835,0.7447518110275269,2.7066116103924287e-07,0.7281450033187866,0.7323728799819946,-0.025865571573376656,0.6961339116096497,0.689305305480957,-0.04523789882659912,0.6768972277641296,0.6459770798683167,-0.060148756951093674,0.6553300619125366,0.6116219162940979,-0.0754506066441536,0.7478116750717163,0.6528756618499756,-0.05956621840596199,0.7574732899665833,0.5820850133895874,-0.08845943212509155,0.765475332736969,0.5373479723930359,-0.1059674546122551,0.7696924209594727,0.5040775537490845,-0.1173919066786766,0.7814943790435791,0.6526910662651062,-0.057481180876493454,0.7751466035842896,0.6373378038406372,-0.08888763934373856,0.772428035736084,0.655404806137085,-0.09512866288423538,0.7726466059684753,0.6622478365898132,-0.09577281028032303,0.8060287833213806,0.6665589213371277,-0.05550554767251015,0.7885512113571167,0.6773318648338318,-0.08323252201080322,0.7760692834854126,0.6995776295661926,-0.07586169987916946,0.770979642868042,0.7117334008216858,-0.06630004942417145,0.8229666352272034,0.684445858001709,-0.05485739931464195,0.812633216381073,0.6891135573387146,-0.07350219041109085,0.8043820858001709,0.7089558839797974,-0.06549805402755737,0.8033268451690674,0.7207311987876892,-0.055812492966651917,I love you
0.7593039870262146,0.7333473563194275,5.405930281199289e-08,0.7240627408027649,0.7187827825546265,-0.025027533993124962,0.6996063590049744,0.6733894944190979,-0.041552718728780746,0.6855249404907227,0.6312642693519592,-0.05655708163976669,0.6648012399673462,0.5960234999656677,-0.07153555750846863,0.7462743520736694,0.6375426650047302,-0.04943431541323662,0.7558728456497192,0.5732423067092896,-0.07020296156406403,0.7593766450881958,0.5318046808242798,-0.07818792015314102,0.7598578333854675,0.4929976761341095,-0.08343195915222168,0.7717360258102417,0.6400278806686401,-0.049031250178813934,0.7712768912315369,0.6327499747276306,-0.08116814494132996,0.7616100311279297,0.6450478434562683,-0.09011852741241455,0.7551007866859436,0.6509296894073486,-0.0928226038813591,0.795197606086731,0.6533079147338867,-0.049833204597234726,0.7973041534423828,0.6667872667312622,-0.08502499014139175,0.7803934812545776,0.701172947883606,-0.08549780398607254,0.7653791904449463,0.723390519618988,-0.07855038344860077,0.8187066912651062,0.6683353781700134,-0.05192897096276283,0.8351821303367615,0.6285465359687805,-0.07819407433271408,0.8484232425689697,0.6002971529960632,-0.0823342427611351,0.8587220907211304,0.5745304226875305,-0.08127965033054352,I love you
0.7217257022857666,0.6479099988937378,2.250535402481546e-07,0.6862835884094238,0.6250432133674622,-0.022641625255346298,0.6729393601417542,0.5735275745391846,-0.03194049745798111,0.6756020784378052,0.5251633524894714,-0.03823652118444443,0.6685478687286377,0.48407256603240967,-0.04450507089495659,0.716119110584259,0.5155676603317261,-0.020770728588104248,0.7141349911689758,0.4560917019844055,-0.03346883878111839,0.714272141456604,0.4178285598754883,-0.04371243342757225,0.7158619165420532,0.38576555252075195,-0.05149201676249504,0.7416529655456543,0.5157327055931091,-0.01957295462489128,0.7457482814788818,0.45572641491889954,-0.03034144639968872,0.7487351894378662,0.41956827044487,-0.04079747945070267,0.7525460124015808,0.3883625268936157,-0.04876820743083954,0.7627471685409546,0.5280734896659851,-0.02098628133535385,0.7761609554290771,0.47127997875213623,-0.035310059785842896,0.7882139682769775,0.4373330771923065,-0.04583176597952843,0.7996270060539246,0.4075101613998413,-0.05316992476582527,0.7804508209228516,0.5510368347167969,-0.024029985070228577,0.7968943119049072,0.5169613361358643,-0.04030045494437218,0.8115662932395935,0.4994162917137146,-0.047806087881326675,0.8248761892318726,0.4834553301334381,-0.052182868123054504,Hello
0.6993268728256226,0.674965500831604,1.740294663932218e-07,0.6680506467819214,0.6567068099975586,-0.030427025631070137,0.651655375957489,0.617493748664856,-0.04809308797121048,0.6485646963119507,0.5749509334564209,-0.061617620289325714,0.6376479864120483,0.537047803401947,-0.07507126033306122,0.699112594127655,0.5644545555114746,-0.03852241113781929,0.6974292993545532,0.5077921748161316,-0.05779198557138443,0.6962621212005615,0.4699450433254242,-0.071705162525177,0.6968863606452942,0.4375794529914856,-0.08177381008863449,0.7234668731689453,0.5602179765701294,-0.03533017262816429,0.7281913757324219,0.49609124660491943,-0.05324903503060341,0.72951340675354,0.4546521008014679,-0.06609846651554108,0.7319328188896179,0.4179375469684601,-0.0753820389509201,0.7439765930175781,0.5706263780593872,-0.034613236784935,0.7553713917732239,0.5074850916862488,-0.05242855101823807,0.7626999616622925,0.46900951862335205,-0.06289977580308914,0.7699791193008423,0.4339810013771057,-0.06992775946855545,0.7618054747581482,0.5923327803611755,-0.03617945313453674,0.7804675698280334,0.550284206867218,-0.05209954082965851,0.792151927947998,0.52276611328125,-0.059831779450178146,0.8033214807510376,0.4958885610103607,-0.06484602391719818,Hello
0.7348359823226929,0.7213101387023926,1.68965257785203e-07,0.7029539942741394,0.696662962436676,-0.03095160610973835,0.6886045336723328,0.6500017046928406,-0.046872906386852264,0.6884205937385559,0.6015822887420654,-0.05833404138684273,0.6778253316879272,0.5603690147399902,-0.06971924751996994,0.7391850352287292,0.5924639701843262,-0.035563282668590546,0.7342970371246338,0.5281315445899963,-0.05503307282924652,0.7304378747940063,0.4857569634914398,-0.06962864845991135,0.7286919355392456,0.449790894985199,-0.07997016608715057,0.7644113898277283,0.5905801653862,-0.03172098845243454,0.7696683406829834,0.5243066549301147,-0.04881872609257698,0.7711039185523987,0.48143696784973145,-0.06199650093913078,0.7732715010643005,0.4441169202327728,-0.07151039689779282,0.7840390205383301,0.6024595499038696,-0.030675463378429413,0.796761155128479,0.5442717671394348,-0.048144806176424026,0.8056284785270691,0.5069373250007629,-0.0589117594063282,0.8144544959068298,0.47295549511909485,-0.06629379093647003,0.7995849847793579,0.6247013807296753,-0.032068196684122086,0.8164941668510437,0.5865633487701416,-0.04842240735888481,0.8294699192047119,0.5648005604743958,-0.05587930977344513,0.8422311544418335,0.5433661341667175,-0.060604870319366455,Hello
0.1518181562423706,0.6301686763763428,3.055631054849073e-07,0.18701709806919098,0.615626335144043,-0.02713327296078205,0.21598148345947266,0.5876940488815308,-0.04174664244055748,0.23674488067626953,0.5538044571876526,-0.05408952012658119,0.26016765832901,0.5277746319770813,-0.06545601785182953,0.1951274424791336,0.4896198809146881,-0.01853081025183201,0.2030237317085266,0.42946141958236694,-0.03230476751923561,0.20577411353588104,0.3937147259712219,-0.04408850148320198,0.20824816823005676,0.3625854551792145,-0.05242030322551727,0.17311887443065643,0.48066407442092896,-0.015425124205648899,0.18309089541435242,0.4159736633300781,-0.02681046724319458,0.18870481848716736,0.37838536500930786,-0.036328185349702835,0.19523738324642181,0.3454858660697937,-0.04310213029384613,0.15223121643066406,0.4839475750923157,-0.01582925394177437,0.16147254407405853,0.4268801510334015,-0.027520479634404182,0.168989360332489,0.39247772097587585,-0.03406915068626404,0.1780114322900772,0.3639124035835266,-0.03805319592356682,0.13048315048217773,0.49644675850868225,-0.01918034814298153,0.1390264630317688,0.4510727524757385,-0.0286551620811224,0.14712056517601013,0.4265737533569336,-0.031255871057510376,0.15593525767326355,0.40609875321388245,-0.032389085739851,Hello
0.1642369031906128,0.591245174407959,2.359019930509021e-07,0.19435451924800873,0.5462464094161987,-0.023409057408571243,0.2083653062582016,0.4829097390174866,-0.030728023499250412,0.218000590801239,0.42552870512008667,-0.036871444433927536,0.23996344208717346,0.39428648352622986,-0.041901059448719025,0.15422961115837097,0.4130711853504181,0.0009084563353098929,0.13765470683574677,0.3565719723701477,-0.0053067272529006,0.12662076950073242,0.3258216381072998,-0.014323499985039234,0.1179238110780716,0.29952138662338257,-0.02205934375524521,0.1316937953233719,0.4211079776287079,0.004043049179017544,0.11530850827693939,0.3599502742290497,-0.0002004529524128884,0.10833637416362762,0.3277431130409241,-0.00731330132111907,0.10575900971889496,0.30209800601005554,-0.013131927698850632,0.11301599442958832,0.4387388527393341,0.0027947044000029564,0.09591247141361237,0.37976229190826416,-0.006159097421914339,0.09215739369392395,0.35026201605796814,-0.012823480181396008,0.09319346398115158,0.3307347595691681,-0.016705995425581932,0.09474845230579376,0.46605929732322693,-0.0014123280998319387,0.07959680259227753,0.41936177015304565,-0.011632797308266163,0.07744835317134857,0.4008609652519226,-0.015230539254844189,0.07925790548324585,0.3906908929347992,-0.01672869548201561,Hello
0.05992838740348816,0.7440493106842041,1.0315186926845854e-07,0.08704907447099686,0.6952818036079407,-0.014329854398965836,0.13794881105422974,0.651241660118103,-0.02565651945769787,0.17113322019577026,0.6160781383514404,-0.03241445869207382,0.18285012245178223,0.5741333961486816,-0.0387420691549778,0.12271773815155029,0.6680343747138977,-0.054992277175188065,0.1593572199344635,0.6341187953948975,-0.07653860747814178,0.17572425305843353,0.6021539568901062,-0.08820826560258865,0.18160326778888702,0.5685486197471619,-0.09517970681190491,0.11539803445339203,0.7102623581886292,-0.055420178920030594,0.15746179223060608,0.718421995639801,-0.0733284279704094,0.18248260021209717,0.7233076095581055,-0.07640853524208069,0.19963863492012024,0.7231095433235168,-0.07940546423196793,0.10910496860742569,0.7531342506408691,-0.054920390248298645,0.15638545155525208,0.7667942643165588,-0.07187099009752274,0.18432903289794922,0.7685229778289795,-0.07302123308181763,0.20070809125900269,0.7675028443336487,-0.07325343042612076,0.10629265010356903,0.7914149165153503,-0.05433863401412964,0.148912712931633,0.7921386957168579,-0.066060870885849,0.16608071327209473,0.7866876721382141,-0.06527062505483627,0.17613163590431213,0.7813974022865295,-0.06448683887720108,See you again
0.0929819792509079,0.7315269112586975,1.4957745975152648e-07,0.1190575435757637,0.6812325716018677,-0.01466279849410057,0.16345587372779846,0.6384624242782593,-0.027842363342642784,0.1936383992433548,0.6049322485923767,-0.037166912108659744,0.20353831350803375,0.5653294324874878,-0.046422023326158524,0.1480157971382141,0.6588049530982971,-0.05302108824253082,0.17544472217559814,0.6187765598297119,-0.07623468339443207,0.191020205616951,0.5846478939056396,-0.0892944484949112,0.19819608330726624,0.5521279573440552,-0.09570407122373581,0.13937430083751678,0.7006980776786804,-0.053408488631248474,0.18756937980651855,0.7044521570205688,-0.07030179351568222,0.21088959276676178,0.7073649764060974,-0.07170990854501724,0.22043883800506592,0.7089139223098755,-0.07219679653644562,0.1322495937347412,0.7441202998161316,-0.052929408848285675,0.18692387640476227,0.7539654970169067,-0.06812673807144165,0.20347245037555695,0.7492771744728088,-0.06295502930879593,0.20532792806625366,0.7455478310585022,-0.057176463305950165,0.1292945295572281,0.7813633680343628,-0.05255917087197304,0.17469453811645508,0.7795255184173584,-0.06086299940943718,0.18577313423156738,0.771031379699707,-0.053330037742853165,0.18567562103271484,0.7663419842720032,-0.04634842276573181,See you again
0.0155152827501297,0.7776463627815247,7.705624938125766e-08,0.03882714360952377,0.7192346453666687,-0.007968896999955177,0.0770854502916336,0.6722328662872314,-0.01908816210925579,0.10520461201667786,0.6385989189147949,-0.02795446291565895,0.11642862111330032,0.6125326156616211,-0.036525242030620575,0.07249991595745087,0.6768723726272583,-0.047976020723581314,0.09608334302902222,0.6231321692466736,-0.0750318244099617,0.10812132805585861,0.5846220254898071,-0.09242326021194458,0.11137951910495758,0.5509775280952454,-0.10170484334230423,0.0712156742811203,0.7174388766288757,-0.05262451618909836,0.11827538907527924,0.6996597647666931,-0.07431644201278687,0.1425342857837677,0.6912786960601807,-0.08329102396965027,0.15262484550476074,0.686565101146698,-0.08856427669525146,0.07165543735027313,0.7602621912956238,-0.05607934296131134,0.12518079578876495,0.7517687082290649,-0.07692969590425491,0.14481434226036072,0.7500105500221252,-0.08175728470087051,0.14799761772155762,0.7536832094192505,-0.08166300505399704,0.07535755634307861,0.7989897131919861,-0.0587950125336647,0.11813083291053772,0.7851532101631165,-0.07356784492731094,0.13085144758224487,0.7727431654930115,-0.07461792975664139,0.1336892694234848,0.7672631740570068,-0.07275202870368958,See you again
0.07656620442867279,0.7642515897750854,1.4211209986569884e-07,0.10636024177074432,0.7053746581077576,-0.00599176250398159,0.15540198981761932,0.670303463935852,-0.012431621551513672,0.18932200968265533,0.6399028301239014,-0.016240205615758896,0.2038329392671585,0.6009382009506226,-0.019808510318398476,0.14999063313007355,0.6865247488021851,-0.03226451575756073,0.17876119911670685,0.6579399704933167,-0.048043880611658096,0.1956431120634079,0.6272430419921875,-0.05836557224392891,0.2041824907064438,0.5962175130844116,-0.06369108706712723,0.14378321170806885,0.7287910580635071,-0.03382834419608116,0.1925334334373474,0.7397374510765076,-0.042976491153240204,0.21596944332122803,0.7452951073646545,-0.04480807110667229,0.22609248757362366,0.7471952438354492,-0.04636743664741516,0.13597393035888672,0.7714968919754028,-0.034000761806964874,0.1914682537317276,0.7842399477958679,-0.04317682236433029,0.20515933632850647,0.7752015590667725,-0.040541306138038635,0.2039017379283905,0.767928421497345,-0.03719238191843033,0.13128775358200073,0.8065388798713684,-0.03341381996870041,0.17477671802043915,0.801548957824707,-0.036412082612514496,0.17731258273124695,0.789572536945343,-0.02857847698032856,0.1699657440185547,0.7842515110969543,-0.021982984617352486,See you again
0.15454483032226562,0.6836732029914856,4.671461795169307e-07,0.18528270721435547,0.6785425543785095,-0.027246102690696716,0.20992118120193481,0.6441896557807922,-0.038509488105773926,0.22417375445365906,0.6092119216918945,-0.04593783617019653,0.241249218583107,0.5794445872306824,-0.05347852036356926,0.17800338566303253,0.5584529042243958,-0.024190496653318405,0.1889353096485138,0.5074019432067871,-0.037511322647333145,0.19692331552505493,0.47051945328712463,-0.0487140528857708,0.20522010326385498,0.44084179401397705,-0.056323181837797165,0.15718257427215576,0.5539634823799133,-0.01909252256155014,0.15796266496181488,0.4963013231754303,-0.030883707106113434,0.163210928440094,0.45285528898239136,-0.0418032668530941,0.17147916555404663,0.41753482818603516,-0.04874951392412186,0.13907431066036224,0.5645431280136108,-0.01632530987262726,0.14196552336215973,0.5085418820381165,-0.03372073546051979,0.15079495310783386,0.4713807702064514,-0.04685875400900841,0.16195744276046753,0.4428866505622864,-0.054395388811826706,0.12200767546892166,0.587170422077179,-0.015172868967056274,0.13061031699180603,0.5661445260047913,-0.03476014733314514,0.14170515537261963,0.5700260400772095,-0.042331796139478683,0.1530381441116333,0.5785096883773804,-0.045077115297317505,Hello
0.12179581820964813,0.7815046310424805,4.199036425234226e-07,0.1537608653306961,0.7789633274078369,-0.02843579463660717,0.18574659526348114,0.7511782646179199,-0.041890934109687805,0.21042075753211975,0.7216882109642029,-0.05146306753158569,0.23377960920333862,0.7012927532196045,-0.060251642018556595,0.15842311084270477,0.6587125658988953,-0.0251751895993948,0.17524655163288116,0.6058766841888428,-0.040004752576351166,0.18599693477153778,0.5705599188804626,-0.05300918221473694,0.19598288834095,0.5393940210342407,-0.06189539656043053,0.13724349439144135,0.6448620557785034,-0.01939069852232933,0.14572811126708984,0.5824119448661804,-0.03131028264760971,0.1528300940990448,0.5398316383361816,-0.04207831993699074,0.1605420857667923,0.5041218996047974,-0.04915420711040497,0.11783739924430847,0.6448015570640564,-0.016181088984012604,0.12662354111671448,0.5871483087539673,-0.02806820347905159,0.13518118858337402,0.5488578081130981,-0.03624473884701729,0.14343604445457458,0.516933798789978,-0.040673598647117615,0.09941577911376953,0.656258225440979,-0.015473756939172745,0.10510257631540298,0.6152505874633789,-0.025387823581695557,0.10721807181835175,0.5906168222427368,-0.028417933732271194,0.10977941751480103,0.5707622170448303,-0.029069887474179268,Hello
0.1131853461265564,0.7733572125434875,4.904131287730706e-07,0.1274661421775818,0.7281218767166138,-0.020421650260686874,0.12395167350769043,0.6774371266365051,-0.02801881916821003,0.11718867719173431,0.6348087191581726,-0.033429570496082306,0.1221342608332634,0.5977621674537659,-0.03807346150279045,0.06161268427968025,0.6326581835746765,-0.010234719142317772,0.052404358983039856,0.5788541436195374,-0.01934361644089222,0.04683282971382141,0.5436810255050659,-0.028712544590234756,0.04234512522816658,0.5119535326957703,-0.03636031970381737,0.04080590233206749,0.6489326357841492,-0.008100206963717937,0.021413732320070267,0.5972860455513,-0.015380210243165493,0.014092843979597092,0.5606777667999268,-0.02401779405772686,0.010511808097362518,0.5289846658706665,-0.0308544859290123,0.02995917573571205,0.6772634983062744,-0.008906953036785126,0.0014049597084522247,0.646610677242279,-0.02178853750228882,-0.013108260929584503,0.6241459846496582,-0.03296903520822525,-0.02175527811050415,0.6055532693862915,-0.04073159769177437,0.02706279419362545,0.7139941453933716,-0.011444153264164925,0.018939301371574402,0.6914767026901245,-0.026578238233923912,0.0263715460896492,0.6788055896759033,-0.03402015194296837,0.03457590192556381,0.6683439016342163,-0.03849133476614952,Hello
0.7679174542427063,0.7308292388916016,2.3705121066086576e-07,0.7365668416023254,0.7026771903038025,-0.018619637936353683,0.7247443795204163,0.6510730385780334,-0.025527892634272575,0.728171169757843,0.6016242504119873,-0.030317341908812523,0.7216590642929077,0.5657375454902649,-0.03504318743944168,0.7638463973999023,0.5941659808158875,-0.018257690593600273,0.7599469423294067,0.5344367027282715,-0.031034601852297783,0.7600843906402588,0.4973372220993042,-0.041328415274620056,0.7622855305671692,0.4661066234111786,-0.04837688058614731,0.7890251278877258,0.5911322236061096,-0.01774737797677517,0.7910180687904358,0.5282341837882996,-0.02767886407673359,0.7949502468109131,0.48801276087760925,-0.037752993404865265,0.800823986530304,0.4549729824066162,-0.0451761856675148,0.809353768825531,0.6012466549873352,-0.019291114062070847,0.8222177624702454,0.548826277256012,-0.031273145228624344,0.8332825899124146,0.516230583190918,-0.04010212421417236,0.8436324596405029,0.489757776260376,-0.04577476158738136,0.8260542154312134,0.6223527193069458,-0.022425111383199692,0.8445090055465698,0.5887200832366943,-0.03502447530627251,0.8583350777626038,0.56789231300354,-0.040506985038518906,0.8702523112297058,0.5505454540252686,-0.043273091316223145,Hello
0.751166045665741,0.6946443319320679,6.878074287897107e-08,0.721592128276825,0.6855536699295044,-0.01308991014957428,0.7005319595336914,0.6535856127738953,-0.020212173461914062,0.6862199306488037,0.6209918260574341,-0.026146309450268745,0.6691490411758423,0.5994012355804443,-0.03178029507398605,0.7278478145599365,0.592775285243988,-0.008339758031070232,0.7173993587493896,0.5592916011810303,-0.016265418380498886,0.7112299203872681,0.5371673107147217,-0.02410149946808815,0.7068080902099609,0.5193402171134949,-0.03030172549188137,0.7499408721923828,0.5826189517974854,-0.009141634218394756,0.7423452138900757,0.5444504022598267,-0.01607409492135048,0.7370582222938538,0.5221465826034546,-0.023097772151231766,0.7330703139305115,0.5033734440803528,-0.02857937291264534,0.7719789147377014,0.5828685164451599,-0.011896563693881035,0.7689412832260132,0.5426400303840637,-0.021608643233776093,0.7674349546432495,0.516085147857666,-0.027450978755950928,0.7676103711128235,0.492898166179657,-0.03125416859984398,0.7926244735717773,0.5917989015579224,-0.01573716104030609,0.8004610538482666,0.5543965101242065,-0.025744833052158356,0.8089770078659058,0.5298613905906677,-0.029806073755025864,0.8179313540458679,0.508446455001831,-0.031889189034700394,Hello
0.6423964500427246,0.73544842004776,1.4979877960286103e-07,0.6075440049171448,0.7160098552703857,-0.011721687391400337,0.5793169140815735,0.6879173517227173,-0.024085160344839096,0.558147668838501,0.6726073622703552,-0.036454055458307266,0.5448346138000488,0.6549592614173889,-0.04927142709493637,0.6126787066459656,0.61137855052948,-0.02377895452082157,0.5833643078804016,0.5800808072090149,-0.04895900562405586,0.56488436460495,0.6055923104286194,-0.06864721328020096,0.5574029684066772,0.6352684497833252,-0.07854550331830978,0.6380849480628967,0.6041527986526489,-0.03001399338245392,0.6359711289405823,0.541669487953186,-0.044635046273469925,0.6342025995254517,0.5035199522972107,-0.05686337873339653,0.6355640888214111,0.4717310965061188,-0.06513207405805588,0.6619279980659485,0.6175577640533447,-0.038208071142435074,0.6785247921943665,0.5595889687538147,-0.05442767217755318,0.6872842907905579,0.5179513096809387,-0.06723066419363022,0.6947562098503113,0.4801439642906189,-0.07544635981321335,0.6820876002311707,0.6483349204063416,-0.046609096229076385,0.710150957107544,0.6208347082138062,-0.061564840376377106,0.7243196964263916,0.5956578850746155,-0.06571967154741287,0.7360085248947144,0.5716604590415955,-0.06705039739608765,OK
0.2532101273536682,0.697256326675415,4.699317059930763e-07,0.29037928581237793,0.6896164417266846,-0.018626175820827484,0.3164428174495697,0.6731774806976318,-0.03553807735443115,0.33678674697875977,0.6667590141296387,-0.051913827657699585,0.35341739654541016,0.6678856015205383,-0.06713482737541199,0.31227561831474304,0.5890066623687744,-0.03749967738986015,0.33470451831817627,0.5622351169586182,-0.06605450063943863,0.3333529829978943,0.5951595306396484,-0.08631602674722672,0.3299558162689209,0.6265137791633606,-0.09825881570577621,0.28830188512802124,0.5749706625938416,-0.04627998545765877,0.3098195791244507,0.5176643133163452,-0.07370564341545105,0.32507050037384033,0.47458764910697937,-0.09851494431495667,0.3350217640399933,0.43343061208724976,-0.1170150488615036,0.25735944509506226,0.5829979777336121,-0.0559927374124527,0.25347110629081726,0.5198357105255127,-0.08463238179683685,0.2471640408039093,0.4747730791568756,-0.10632196813821793,0.24120305478572845,0.4351293444633484,-0.12064529955387115,0.2255498170852661,0.6060211062431335,-0.06598666310310364,0.20369389653205872,0.574847936630249,-0.08860819786787033,0.18941253423690796,0.5509499907493591,-0.09783688187599182,0.17716418206691742,0.5247361660003662,-0.1043131873011589,OK
0.6822690963745117,0.6781260371208191,9.357648877994507e-08,0.6484114527702332,0.6677229404449463,-0.01479489915072918,0.6216191649436951,0.6430314183235168,-0.027845242992043495,0.6018366813659668,0.626452624797821,-0.04054299369454384,0.5908065438270569,0.6087694764137268,-0.05310192331671715,0.6523492336273193,0.565747857093811,-0.023954931646585464,0.6265596151351929,0.5313462615013123,-0.04621318355202675,0.6097356081008911,0.5497553944587708,-0.06375544518232346,0.6025189757347107,0.5777928233146667,-0.07341647148132324,0.6764715313911438,0.5633236169815063,-0.027904648333787918,0.676098644733429,0.5111473202705383,-0.04001909866929054,0.6746426224708557,0.49057483673095703,-0.05024351179599762,0.6765027046203613,0.47657427191734314,-0.058457378298044205,0.7005434632301331,0.5750147104263306,-0.0342521071434021,0.7123363614082336,0.5296424627304077,-0.047319699078798294,0.720346212387085,0.49998602271080017,-0.055449116975069046,0.729360818862915,0.4743899405002594,-0.0618235282599926,0.7215955257415771,0.5976333618164062,-0.04168982431292534,0.7424841523170471,0.5711632370948792,-0.05611386522650719,0.7548401951789856,0.5473039746284485,-0.06049180403351784,0.7653079032897949,0.5250391960144043,-0.06277470290660858,OK
0.6582876443862915,0.7243144512176514,7.162935133919746e-08,0.6196178197860718,0.6924937963485718,-0.006353316828608513,0.5937201380729675,0.6479307413101196,-0.011671331711113453,0.5777935981750488,0.6237680912017822,-0.017968498170375824,0.5667953491210938,0.6035881042480469,-0.02448228746652603,0.641682505607605,0.5773109197616577,-0.012394954450428486,0.6229074001312256,0.5365143418312073,-0.03029712289571762,0.6030154228210449,0.5524114966392517,-0.04539363086223602,0.5885076522827148,0.5799593329429626,-0.05338527634739876,0.6677021980285645,0.5836889147758484,-0.01957174390554428,0.6823081970214844,0.5264105796813965,-0.026952464133501053,0.6873469352722168,0.49745112657546997,-0.035734523087739944,0.6925478577613831,0.47562092542648315,-0.04314405098557472,0.6894892454147339,0.6071738600730896,-0.02867267280817032,0.7152513861656189,0.564749002456665,-0.03943773731589317,0.7295106649398804,0.5331025719642639,-0.04995502531528473,0.740786612033844,0.506758987903595,-0.05793866142630577,0.7053064703941345,0.6423694491386414,-0.03813475742936134,0.7365700006484985,0.6267484426498413,-0.05123971775174141,0.7547012567520142,0.6114723682403564,-0.05580473318696022,0.7679064273834229,0.5960245132446289,-0.05820922926068306,OK
0.6520554423332214,0.7656652331352234,1.9493029412842588e-07,0.6269088387489319,0.7690749168395996,-0.01233242079615593,0.6002111434936523,0.7580476999282837,-0.02538016065955162,0.5830641984939575,0.7527379989624023,-0.038164589554071426,0.5714267492294312,0.7520635724067688,-0.05152485892176628,0.5916995406150818,0.6940547227859497,-0.027486948296427727,0.5636128187179565,0.6937905550003052,-0.048296380788087845,0.5634985566139221,0.7238477468490601,-0.06352528184652328,0.5701661109924316,0.7471774816513062,-0.07211217284202576,0.6070570945739746,0.6758308410644531,-0.0351620651781559,0.577700674533844,0.6312715411186218,-0.052018117159605026,0.5547961592674255,0.5990980863571167,-0.06649503856897354,0.5373138189315796,0.5687177181243896,-0.07676007598638535,0.630709707736969,0.6763428449630737,-0.04407066851854324,0.6293163895606995,0.6169544458389282,-0.06428121775388718,0.6207672357559204,0.5796927809715271,-0.0811968743801117,0.6125200390815735,0.5471335053443909,-0.09249218553304672,0.6566267013549805,0.6924886703491211,-0.05264062434434891,0.6795627474784851,0.6503916382789612,-0.07128692418336868,0.6895127892494202,0.6189693808555603,-0.07943688333034515,0.6952410936355591,0.5910599231719971,-0.08450707793235779,OK
0.13123011589050293,0.7115548849105835,-4.794808106112214e-08,0.17279094457626343,0.6725533604621887,-0.0051147304475307465,0.22078301012516022,0.6587172150611877,-0.008720596320927143,0.25516021251678467,0.6511871814727783,-0.011728459969162941,0.27489563822746277,0.636323094367981,-0.01413896307349205,0.2195061892271042,0.6813313961029053,-0.011038029566407204,0.2475508153438568,0.6681130528450012,-0.021971937268972397,0.2608588635921478,0.6479008197784424,-0.03000684268772602,0.2684941291809082,0.6256033778190613,-0.034257881343364716,0.21109610795974731,0.7178414463996887,-0.013521065004169941,0.24709947407245636,0.7304894328117371,-0.022026317194104195,0.2562403976917267,0.7258819937705994,-0.026036875322461128,0.259991854429245,0.716782808303833,-0.028041956946253777,0.19955304265022278,0.7470950484275818,-0.01643913798034191,0.2353878617286682,0.7577052116394043,-0.025617368519306183,0.24484007060527802,0.7483879327774048,-0.025576738640666008,0.24750593304634094,0.7361981272697449,-0.02358682081103325,0.18759948015213013,0.7676680684089661,-0.019317127764225006,0.21746927499771118,0.7720524072647095,-0.02313929982483387,0.2259533405303955,0.7635716795921326,-0.019131265580654144,0.22695694863796234,0.753794252872467,-0.015062674880027771,See you again
